Search field,Alias 1,Alias 2,Reference in the eForms SDK
organisation-gateway-revieworg-lot,,,BT-509-Organization-Company
security-clearance-lot,BT-578-Lot,,BT-578-Lot
touchpoint-country-mediator-part,,,BT-514-Organization-TouchPoint
publication-date,PD,OPP-012-notice,OPP-012-notice
organisation-name-reviewinfo-lot,,,BT-500-Organization-Company
touchpoint-fax-reviewinfo-part,,,BT-739-Organization-TouchPoint
organisation-country-sub-tender-receip-lot,,,BT-507-Organization-Company
touchpoint-email-tenderer,,,BT-506-Organization-TouchPoint
touchpoint-street-signatory,,,"BT-510(a)-Organization-TouchPoint, BT-510(b)-Organization-TouchPoint, BT-510(c)-Organization-TouchPoint"
organisation-country-sub-revieworg-lot,,,BT-507-Organization-Company
touchpoint-fax-subcontractor,,,BT-739-Organization-TouchPoint
touchpoint-fax-addinfo-part,,,BT-739-Organization-TouchPoint
award-criterion-number-lot,BT-541-Lot,,"BT-541-Lot
BT-541-Lot-FixedNumber
BT-541-Lot-ThresholdNumber
BT-541-Lot-WeightNumber
BT-541-LotsGroup-FixedNumber
BT-541-LotsGroup-ThresholdNumber
BT-541-LotsGroup-WeightNumber"
award-criterion-number-fixed-lot,BT-5422-Lot,,BT-5422-Lot
result-framework-maximum-value-notice,BT-271-Procedure,,BT-271-Procedure
contract-duration-period-part,BT-36-Part,,BT-36-Part
organisation-person-tenderer,,,BT-633-Organization
duration-additional-information-lot,BT-781-Lot,,BT-781-Lot
concession-revenue-buyer,BT-160-Tender,,BT-160-Tender
touchpoint-country-addinfo-lot,,,BT-514-Organization-TouchPoint
entity-main-activity,BT-610-Procedure-Buyer,,BT-610-Procedure-Buyer
organisation-country-fiscal-legis-lot,,,BT-514-Organization-Company
touchpoint-post-code-tender-receip-lot,,,BT-512-Organization-TouchPoint
deadline-time-part,BT-13(t)-Part,,BT-13(t)-Part
organisation-street-tender-eval-lot,,,"BT-510(a)-Organization-Company, BT-510(b)-Organization-Company, BT-510(c)-Organization-Company"
touchpoint-gateway-addinfo-part,,,BT-509-Organization-TouchPoint
funding,,,
touchpoint-country-sub-environ-legis-part,,,BT-507-Organization-TouchPoint
touchpoint-city-docprovider-part,,,BT-513-Organization-TouchPoint
review-request-withdrawn-reasons,BT-798-Review,,BT-798-Review
place-of-performance,RC,,"BT-5071-Procedure
BT-5141-Procedure
BT-727-Procedure
BT-5071-Part
BT-5141-Part
BT-727-Part
BT-5071-Lot
BT-5141-Lot
BT-727-Lot
"
winner-size,BT-165-Organization-Company,,BT-165-Organization-Company
touchpoint-gateway-revieworg-lot,,,BT-509-Organization-TouchPoint
touchpoint-country-tender-receip-lot,,,BT-514-Organization-TouchPoint
touchpoint-post-code-employ-legis-lot,,,BT-512-Organization-TouchPoint
touchpoint-internet-address-revieworg-part,,,BT-505-Organization-TouchPoint
touchpoint-gateway-buyer,,,BT-509-Organization-TouchPoint
touchpoint-tel-fiscal-legis-lot,,,BT-503-Organization-TouchPoint
organisation-internet-address-serv-prov,,,BT-505-Organization-Company
future-notice,BT-127-notice,,BT-127-notice
total-value-cur,TV_CUR,,"BT-161-NoticeResult
BT-118-NoticeResult
BT-271-Procedure
BT-27-Procedure
BT-709-LotResult
BT-660-LotResult
BT-644-Lot"
organisation-gateway-employ-legis-part,,,BT-509-Organization-Company
touchpoint-street-fiscal-legis-lot,,,"BT-510(a)-Organization-TouchPoint, BT-510(b)-Organization-TouchPoint, BT-510(c)-Organization-TouchPoint"
change-description,BT-141(a)-notice,,BT-141(a)-notice
organisation-name-ted-esen,,,BT-500-Organization-Company
dispatch-invitation-tender-lot,BT-130-Lot,,BT-130-Lot
organisation-street-serv-prov,,,"BT-510(a)-Organization-Company, BT-510(b)-Organization-Company, BT-510(c)-Organization-Company"
place-of-performance-country-proc,BT-5141-Procedure,,BT-5141-Procedure
organisation-fax-revieworg-part,,,BT-739-Organization-Company
organisation-tel-tender-eval-part,,,BT-503-Organization-Company
organisation-gateway-docprovider-part,,,BT-509-Organization-Company
quality-target-description-lot,OPT-072-Lot,,OPT-072-Lot
organisation-tel-mediator-part,,,BT-503-Organization-Company
renewal-description-lot,BT-57-Lot,,BT-57-Lot
touchpoint-street-mediator-lot,,,"BT-510(a)-Organization-TouchPoint, BT-510(b)-Organization-TouchPoint, BT-510(c)-Organization-TouchPoint"
organisation-contact-point-reviewinfo-part,,,BT-502-Organization-Company
organisation-country-sub-mediator-lot,,,BT-507-Organization-Company
reward-other-lot,BT-45-Lot,,BT-45-Lot
organisation-name-tender-receip-part,,,BT-500-Organization-Company
organisation-person-environ-legis-lot,,,BT-633-Organization
organisation-street-paying,,,"BT-510(a)-Organization-Company, BT-510(b)-Organization-Company, BT-510(c)-Organization-Company"
business-fax,,,BT-739-Business
deadline-receipt-answers-time-lot,BT-800(t)-Lot,,BT-800(t)-Lot
touchpoint-gateway-paying,,,BT-509-Organization-TouchPoint
organisation-city-docprovider-part,,,BT-513-Organization-Company
touchpoint-fax-reviewinfo-lot,,,BT-739-Organization-TouchPoint
touchpoint-tel-ted-esen,,,BT-503-Organization-TouchPoint
business-post-code,,,BT-512-Business
organisation-country-serv-prov,,,BT-514-Organization-Company
organisation-contact-point-financing,,,BT-502-Organization-Company
publication-name,OPP-120-Business,,OPP-120-Business
description-glo,BT-24-LotsGroup,,BT-24-LotsGroup
organisation-city-reviewinfo-part,,,BT-513-Organization-Company
organisation-city-revieworg-part,,,BT-513-Organization-Company
organisation-email-addinfo-lot,,,BT-506-Organization-Company
contract-duration-end-date-lot,BT-537-Lot,,BT-537-Lot
result-value-cur-lot,,,BT-709-LotResult
contract-conditions-description-lot,OPP-031-Tender,,OPP-031-Tender
energy-consumption-res,BT-813-LotResult,,BT-813-LotResult
organisation-email-addinfo-part,,,BT-506-Organization-Company
buyer-touchpoint-contact-point,,,BT-502-Organization-TouchPoint[OPT-200-Organization-Company = OPT-300-Procedure-Buyer]
touchpoint-internet-address-tender-receip-lot,,,BT-505-Organization-TouchPoint
touchpoint-name-financing,,,BT-500-Organization-TouchPoint
organisation-internet-address-docprovider-part,,,BT-505-Organization-Company
organisation-fax-fiscal-legis-lot,,,BT-739-Organization-Company
organisation-email-fiscal-legis-part,,,BT-506-Organization-Company
touchpoint-partname-subcontractor,,,BT-16-Organization-TouchPoint
touchpoint-street-employ-legis-part,,,"BT-510(a)-Organization-TouchPoint, BT-510(b)-Organization-TouchPoint, BT-510(c)-Organization-TouchPoint"
touchpoint-name-revieworg-lot,,,BT-500-Organization-TouchPoint
touchpoint-country-sub-addinfo-lot,,,BT-507-Organization-TouchPoint
organisation-person-paying,,,BT-633-Organization
modification-modified-contract-reference,BT-1501(c)-Contract,,BT-1501(c)-Contract
organisation-email-environ-legis-lot,,,BT-506-Organization-Company
touchpoint-name-reviewinfo-part,,,BT-500-Organization-TouchPoint
organisation-identifier-mediator-part,,,BT-501-Organization-Company
buyer-internet-address,IA,,BT-505-Organization-Company[OPT-200-Organization-Company = OPT-300-Procedure-Buyer]
exclusion-grounds,BT-67(a)-Procedure,,BT-67(a)-Procedure
organisation-gateway-signatory,,,BT-509-Organization-Company
touchpoint-gateway-financing,,,BT-509-Organization-TouchPoint
buyer-touchpoint-partname,,,BT-16-Organization-TouchPoint[OPT-200-Organization-Company = OPT-300-Procedure-Buyer]
corporate-body,,,BT-501-Organization-Company[OPT-200-Organization-Company = OPT-300-Procedure-Buyer]
touchpoint-internet-address-revieworg-lot,,,BT-505-Organization-TouchPoint
eed-list-basis-lot,BT-811(a)-Lot,,BT-811(a)-Lot
touchpoint-post-code-serv-prov,,,BT-512-Organization-TouchPoint
touchpoint-internet-address-employ-legis-lot,,,BT-505-Organization-TouchPoint
place-of-performance-subdiv-lot,BT-5071-Lot,,BT-5071-Lot
organisation-person-addinfo-lot,,,BT-633-Organization
organisation-city-tenderer,,,BT-513-Organization-Company
guarantee-required-description-lot,BT-75-Lot,,BT-75-Lot
touchpoint-fax-addinfo-lot,,,BT-739-Organization-TouchPoint
organisation-identifier-tender-eval-part,,,BT-501-Organization-Company
touchpoint-email-docprovider-part,,,BT-506-Organization-TouchPoint
prize-rank-lot,BT-44-Lot,,BT-44-Lot
organisation-fax-financing,,,BT-739-Organization-Company
group-framework-value-notice,BT-156-NoticeResult,,BT-156-NoticeResult
touchpoint-contact-point-fiscal-legis-part,,,BT-502-Organization-TouchPoint
winner-city,,,BT-513-Organization-Company[OPT-300-Tenderer[OPT-210-Tenderer[OPT-310-Tender[OPT-321-Tender=OPT-320-LotResult[BT-142-LotResult='selec-w']]]]]
organisation-partname-mediator-part,,,BT-16-Organization-Company
touchpoint-name-fiscal-legis-part,,,BT-500-Organization-TouchPoint
touchpoint-name-environ-legis-lot,,,BT-500-Organization-TouchPoint
touchpoint-tel-docprovider-part,,,BT-503-Organization-TouchPoint
variant-allowed-lot,BT-63-Lot,,BT-63-Lot
touchpoint-contact-point-environ-legis-lot,,,BT-502-Organization-TouchPoint
subcontracting-percentage-ind,BT-731-Tender,,BT-731-Tender
competition-termination-proc,BT-756-Procedure,,BT-756-Procedure
touchpoint-name-employ-legis-lot,,,BT-500-Organization-TouchPoint
organisation-person-subcontractor,,,BT-633-Organization
touchpoint-city-serv-prov,,,BT-513-Organization-TouchPoint
organisation-city-environ-legis-part,,,BT-513-Organization-Company
organisation-post-code-mediator-part,,,BT-512-Organization-Company
organisation-email-tender-eval-lot,,,BT-506-Organization-Company
touchpoint-contact-point-tender-receip-part,,,BT-502-Organization-TouchPoint
minimum-candidate-lot,BT-50-Lot,,BT-50-Lot
organisation-country-addinfo-part,,,BT-514-Organization-Company
touchpoint-email-mediator-lot,,,BT-506-Organization-TouchPoint
internal-identifier-proc,BT-22-Procedure,,BT-22-Procedure
AC,,,
place-of-performance-post-code-proc,BT-5121-Procedure,,BT-5121-Procedure
buyer-identifier,BI,,BT-501-Organization-Company[OPT-200-Organization-Company = OPT-300-Procedure-Buyer]
electronic-submission-lot,BT-17-Lot,,BT-17-Lot
touchpoint-tel-environ-legis-lot,,,BT-503-Organization-TouchPoint
touchpoint-name-revieworg-part,,,BT-500-Organization-TouchPoint
review-request-decision,BT-783-Review,,BT-783-Review
touchpoint-tel-tenderer,,,BT-503-Organization-TouchPoint
result-lot-identifier,BT-13713-LotResult,,BT-13713-LotResult
subcontracting-obligation-maximum-lot,BT-729-Lot,,BT-729-Lot
touchpoint-email-tender-receip-part,,,BT-506-Organization-TouchPoint
review-url,BT-794-Review,,BT-794-Review
organisation-gateway-environ-legis-lot,,,BT-509-Organization-Company
document-restricted-part,BT-14-Part,,BT-14-Part
winner-touchpoint-contact-point,,,BT-502-Organization-TouchPoint[OPT-300-Tenderer[OPT-210-Tenderer[OPT-310-Tender[OPT-321-Tender=OPT-320-LotResult[BT-142-LotResult='selec-w']]]]]
organisation-street-fiscal-legis-part,,,"BT-510(a)-Organization-Company, BT-510(b)-Organization-Company, BT-510(c)-Organization-Company"
organisation-city-ted-esen,,,BT-513-Organization-Company
contract-framework-agreement,BT-768-Contract,,BT-768-Contract
buyer-city,TW,,BT-513-Organization-Company[OPT-200-Organization-Company = OPT-300-Procedure-Buyer]
touchpoint-country-sub-mediator-lot,,,BT-507-Organization-TouchPoint
touchpoint-internet-address-serv-prov,,,BT-505-Organization-TouchPoint
organisation-gateway-reviewinfo-lot,,,BT-509-Organization-Company
touchpoint-city-employ-legis-part,,,BT-513-Organization-TouchPoint
organisation-country-docprovider-part,,,BT-514-Organization-Company
touchpoint-country-environ-legis-part,,,BT-514-Organization-TouchPoint
organisation-fax-docprovider-part,,,BT-739-Organization-Company
organisation-tel-paying,,,BT-503-Organization-Company
award-criteria-order-justification,BT-733-LotsGroup,,BT-733-LotsGroup
touchpoint-name-serv-prov,,,BT-500-Organization-TouchPoint
organisation-street-environ-legis-lot,,,"BT-510(a)-Organization-Company, BT-510(b)-Organization-Company, BT-510(c)-Organization-Company"
electronic-auction-lot-url,BT-123-Lot,,BT-123-Lot
organisation-person-reviewinfo-lot,,,BT-633-Organization
touchpoint-country-sub-docprovider-lot,,,BT-507-Organization-TouchPoint
touchpoint-email-paying,,,BT-506-Organization-TouchPoint
touchpoint-email-serv-prov,,,BT-506-Organization-TouchPoint
touchpoint-city-revieworg-part,,,BT-513-Organization-TouchPoint
touchpoint-name-mediator-lot,,,BT-500-Organization-TouchPoint
touchpoint-partname-ted-esen,,,BT-16-Organization-TouchPoint
business-name,,,BT-500-Business
organisation-country-fiscal-legis-part,,,BT-514-Organization-Company
organisation-contact-point-tender-receip-lot,,,BT-502-Organization-Company
organisation-post-code-buyer,,,BT-512-Organization-Company
organisation-identifier-fiscal-legis-lot,,,BT-501-Organization-Company
additional-info-proc,BT-300-procedure,,BT-300-procedure
organisation-contact-point-tender-eval-part,,,BT-502-Organization-Company
organisation-city-addinfo-part,,,BT-513-Organization-Company
organisation-identifier-tender-receip-lot,,,BT-501-Organization-Company
deadline-date-lot,BT-13(d)-Lot,,BT-13(d)-Lot
organisation-partname-docprovider-lot,,,BT-16-Organization-Company
winner-person,,,BT-633-Organization[OPT-300-Tenderer[OPT-210-Tenderer[OPT-310-Tender[OPT-321-Tender=OPT-320-LotResult[BT-142-LotResult='selec-w']]]]]
touchpoint-fax-signatory,,,BT-739-Organization-TouchPoint
change-reason-code,BT-140-notice,,BT-140-notice
organisation-partname-serv-prov,,,BT-16-Organization-Company
touchpoint-country-sub-serv-prov,,,BT-507-Organization-TouchPoint
touchpoint-country-sub-tender-eval-part,,,BT-507-Organization-TouchPoint
touchpoint-country-fiscal-legis-lot,,,BT-514-Organization-TouchPoint
legal-basis-text,BT-01(d)-procedure,,BT-01(d)-procedure
document-restricted-justification-part,BT-707-Part,,BT-707-Part
award-criterion-description-lot,BT-540-Lot,,BT-540-Lot
touchpoint-fax-environ-legis-lot,,,BT-739-Organization-TouchPoint
organisation-fax-environ-legis-part,,,BT-739-Organization-Company
organisation-fax-tender-eval-part,,,BT-739-Organization-Company
touchpoint-name-environ-legis-part,,,BT-500-Organization-TouchPoint
organisation-person-addinfo-part,,,BT-633-Organization
touchpoint-internet-address-reviewinfo-part,,,BT-505-Organization-TouchPoint
organisation-partname-tender-eval-part,,,BT-16-Organization-Company
organisation-country-tenderer,,,BT-514-Organization-Company
missing-info-submission-description-lot,BT-772-Lot,,BT-772-Lot
organisation-country-financing,,,BT-514-Organization-Company
organisation-country-sub-ted-esen,,,BT-507-Organization-Company
framework-value-cur-notice,,,BT-118-NoticeResult
organisation-post-code-tender-receip-lot,,,BT-512-Organization-Company
subcontracting-obligation-lot,BT-65-Lot,,BT-65-Lot
contract-nature-add-proc,BT-531-Procedure,,BT-531-Procedure
organisation-post-code-docprovider-lot,,,BT-512-Organization-Company
notice-purpose,OPP-100-Business,,OPP-100-Business
organisation-city-financing,,,BT-513-Organization-Company
touchpoint-post-code-addinfo-lot,,,BT-512-Organization-TouchPoint
touchpoint-tel-paying,,,BT-503-Organization-TouchPoint
touchpoint-post-code-buyer,,,BT-512-Organization-TouchPoint
organisation-person-employ-legis-lot,,,BT-633-Organization
buyer-touchpoint-gateway,,,BT-509-Organization-TouchPoint[OPT-200-Organization-Company = OPT-300-Procedure-Buyer]
organisation-post-code-addinfo-lot,,,BT-512-Organization-Company
estimated-value-glo,BT-27-LotsGroup,,BT-27-LotsGroup
estimated-value-lot,BT-27-Lot,,BT-27-Lot
internal-identifier-glo,BT-22-LotsGroup,,BT-22-LotsGroup
result-value-notice,BT-161-NoticeResult,,BT-161-NoticeResult
ubo-email,,,BT-506-UBO
touchpoint-country-mediator-lot,,,BT-514-Organization-TouchPoint
organisation-internet-address-mediator-part,,,BT-505-Organization-Company
winner-owner-nationality,BT-706-UBO,,BT-706-UBO
organisation-contact-point-fiscal-legis-lot,,,BT-502-Organization-Company
organisation-gateway-tender-eval-lot,,,BT-509-Organization-Company
touchpoint-name-paying,,,BT-500-Organization-TouchPoint
organisation-street-mediator-part,,,"BT-510(a)-Organization-Company, BT-510(b)-Organization-Company, BT-510(c)-Organization-Company"
organisation-city-reviewinfo-lot,,,BT-513-Organization-Company
tender-value-cur-lowest,,,BT-710-LotResult
award-criteria-complicated-glo,BT-543-LotsGroup,,BT-543-LotsGroup
organisation-name-addinfo-lot,,,BT-500-Organization-Company
organisation-post-code-addinfo-part,,,BT-512-Organization-Company
organisation-street-docprovider-lot,,,"BT-510(a)-Organization-Company, BT-510(b)-Organization-Company, BT-510(c)-Organization-Company"
touchpoint-city-reviewinfo-part,,,BT-513-Organization-TouchPoint
organisation-name-tenderer,,,BT-500-Organization-Company
organisation-person-tender-receip-part,,,BT-633-Organization
touchpoint-contact-point-employ-legis-part,,,BT-502-Organization-TouchPoint
touchpoint-post-code-paying,,,BT-512-Organization-TouchPoint
organisation-person-employ-legis-part,,,BT-633-Organization
tender-value,BT-720-Tender,,BT-720-Tender
organisation-city-subcontractor,,,BT-513-Organization-Company
award-criterion-complicated-lot,BT-543-Lot,,BT-543-Lot
deadline-date-part,BT-13(d)-Part,,BT-13(d)-Part
touchpoint-contact-point-docprovider-lot,,,BT-502-Organization-TouchPoint
organisation-partname-environ-legis-part,,,BT-16-Organization-Company
organisation-internet-address-addinfo-part,,,BT-505-Organization-Company
touchpoint-contact-point-tender-eval-part,,,BT-502-Organization-TouchPoint
touchpoint-tel-mediator-lot,,,BT-503-Organization-TouchPoint
organisation-internet-address-environ-legis-part,,,BT-505-Organization-Company
csecurity-clearance-description-lot,BT-732-Lot,,BT-732-Lot
organisation-country-sub-reviewinfo-lot,,,BT-507-Organization-Company
organisation-email-tender-receip-part,,,BT-506-Organization-Company
touchpoint-country-sub-fiscal-legis-lot,,,BT-507-Organization-TouchPoint
tender-payment-value-res,BT-779-Tender,,BT-779-Tender
touchpoint-partname-buyer,,,BT-16-Organization-TouchPoint
organisation-internet-address-environ-legis-lot,,,BT-505-Organization-Company
organisation-street-employ-legis-lot,,,"BT-510(a)-Organization-Company, BT-510(b)-Organization-Company, BT-510(c)-Organization-Company"
winner-touchpoint-internet-address,,,BT-505-Organization-TouchPoint[OPT-300-Tenderer[OPT-210-Tenderer[OPT-310-Tender[OPT-321-Tender=OPT-320-LotResult[BT-142-LotResult='selec-w']]]]]
winner-partname,,,BT-16-Organization-Company[OPT-300-Tenderer[OPT-210-Tenderer[OPT-310-Tender[OPT-321-Tender=OPT-320-LotResult[BT-142-LotResult='selec-w']]]]]
organisation-internet-address-tender-receip-lot,,,BT-505-Organization-Company
buyer-reviewrequests-irregularity-type-val,BT-635-LotResult,,BT-635-LotResult
internal-identifier-lot,BT-22-Lot,,BT-22-Lot
winner-contact-point,,,BT-502-Organization-Company[OPT-300-Tenderer[OPT-210-Tenderer[OPT-310-Tender[OPT-321-Tender=OPT-320-LotResult[BT-142-LotResult='selec-w']]]]]
touchpoint-city-buyer,,,BT-513-Organization-TouchPoint
touchpoint-gateway-subcontractor,,,BT-509-Organization-TouchPoint
concession-revenue-cur-user,,,BT-162-Tender
document-unofficial-language-lot,BT-737-Lot,,BT-737-Lot
organisation-tel-revieworg-part,,,BT-503-Organization-Company
touchpoint-country-sub-tenderer,,,BT-507-Organization-TouchPoint
organisation-contact-point-buyer,,,BT-502-Organization-Company
received-submissions-type-code,BT-760-LotResult,,BT-760-LotResult
touchpoint-internet-address-ted-esen,,,BT-505-Organization-TouchPoint
deadline-receipt-request-date-lot,BT-1311(d)-Lot,,BT-1311(d)-Lot
place-of-performance-city-proc,BT-5131-Procedure,,BT-5131-Procedure
tender-identifier,,,BT-3201-Tender[BT-3202-Contract]
organisation-name-subcontractor,,,BT-500-Organization-Company
organisation-internet-address-financing,,,BT-505-Organization-Company
organisation-country-reviewinfo-part,,,BT-514-Organization-Company
touchpoint-email-tender-receip-lot,,,BT-506-Organization-TouchPoint
organisation-fax-serv-prov,,,BT-739-Organization-Company
electronic-signature-lot,BT-744-Lot,,BT-744-Lot
sme-part,BT-726-Part,,BT-726-Part
touchpoint-gateway-reviewinfo-lot,,,BT-509-Organization-TouchPoint
organisation-tel-buyer,,,BT-503-Organization-Company
touchpoint-country-tender-eval-lot,,,BT-514-Organization-TouchPoint
review-body-type,BT-799-ReviewBody,,BT-799-ReviewBody
title-part,BT-21-Part,,BT-21-Part
review-description,BT-789-Review,,BT-789-Review
touchpoint-city-addinfo-part,,,BT-513-Organization-TouchPoint
winner-internet-address,,,BT-505-Organization-Company[OPT-300-Tenderer[OPT-210-Tenderer[OPT-310-Tender[OPT-321-Tender=OPT-320-LotResult[BT-142-LotResult='selec-w']]]]]
touchpoint-country-docprovider-lot,,,BT-514-Organization-TouchPoint
organisation-email-employ-legis-lot,,,BT-506-Organization-Company
touchpoint-country-sub-tender-eval-lot,,,BT-507-Organization-TouchPoint
registration-date,OPP-113-Business-European,,OPP-113-Business-European
organisation-gateway-revieworg-part,,,BT-509-Organization-Company
award-criterion-order-justification-lot,BT-733-Lot,,BT-733-Lot
touchpoint-email-fiscal-legis-lot,,,BT-506-Organization-TouchPoint
reserved-execution-part,BT-736-Part,,BT-736-Part
touchpoint-post-code-tenderer,,,BT-512-Organization-TouchPoint
touchpoint-contact-point-buyer,,,BT-502-Organization-TouchPoint
tool-name-part,BT-632-Part,,BT-632-Part
touchpoint-contact-point-tender-eval-lot,,,BT-502-Organization-TouchPoint
organisation-internet-address-revieworg-lot,,,BT-505-Organization-Company
organisation-country-environ-legis-part,,,BT-514-Organization-Company
winner-gateway,,,BT-509-Organization-Company[OPT-300-Tenderer[OPT-210-Tenderer[OPT-310-Tender[OPT-321-Tender=OPT-320-LotResult[BT-142-LotResult='selec-w']]]]]
organisation-name-employ-legis-lot,,,BT-500-Organization-Company
touchpoint-post-code-revieworg-lot,,,BT-512-Organization-TouchPoint
review-technical-id,BT-804-Review,,BT-804-Review
touchpoint-contact-point-addinfo-lot,,,BT-502-Organization-TouchPoint
form-type,BT-03-notice,,BT-03-notice
following-contract-lot,BT-41-Lot,,BT-41-Lot
organisation-identifier-mediator-lot,,,BT-501-Organization-Company
touchpoint-city-revieworg-lot,,,BT-513-Organization-TouchPoint
buyer-review-compainants-code,BT-712(a)-LotResult,,BT-712(a)-LotResult
touchpoint-fax-environ-legis-part,,,BT-739-Organization-TouchPoint
organisation-fax-mediator-lot,,,BT-739-Organization-Company
touchpoint-partname-docprovider-lot,,,BT-16-Organization-TouchPoint
organisation-name-revieworg-lot,,,BT-500-Organization-Company
organisation-email-financing,,,BT-506-Organization-Company
document-official-language-part,BT-708-Part,,BT-708-Part
organisation-email-revieworg-lot,,,BT-506-Organization-Company
previous-planning-identifier-part-lot,BT-1251-Lot,,BT-1251-Lot
selection-criteria-second-stage-invite-number-weight-lot,BT-7531-Lot,,BT-7531-Lot
contract-nature-main-lot,BT-23-Lot,,BT-23-Lot
organisation-contact-point-environ-legis-lot,,,BT-502-Organization-Company
modification-reason-description,BT-201-Contract,,BT-201-Contract
touchpoint-internet-address-buyer,,,BT-505-Organization-TouchPoint
deadline-receipt-request-time-lot,BT-1311(t)-Lot,,BT-1311(t)-Lot
organisation-country-sub-revieworg-part,,,BT-507-Organization-Company
touchpoint-post-code-financing,,,BT-512-Organization-TouchPoint
buyer-country-i18ns,,,
organisation-street-reviewinfo-lot,,,"BT-510(a)-Organization-Company, BT-510(b)-Organization-Company, BT-510(c)-Organization-Company"
dps-termination-lot,BT-119-LotResult,,BT-119-LotResult
touchpoint-fax-tenderer,,,BT-739-Organization-TouchPoint
place-of-performance-post-code-lot,BT-5121-Lot,,BT-5121-Lot
organisation-fax-reviewinfo-lot,,,BT-739-Organization-Company
subcontracting-percentage,BT-555-Tender,,BT-555-Tender
touchpoint-tel-tender-receip-lot,,,BT-503-Organization-TouchPoint
place-of-performance-subdiv-part,BT-5071-Part,,BT-5071-Part
touchpoint-country-reviewinfo-lot,,,BT-514-Organization-TouchPoint
organisation-gateway-reviewinfo-part,,,BT-509-Organization-Company
organisation-gateway-docprovider-lot,,,BT-509-Organization-Company
term-performance-lot,BT-70-Lot,,BT-70-Lot
organisation-email-fiscal-legis-lot,,,BT-506-Organization-Company
touchpoint-partname-docprovider-part,,,BT-16-Organization-TouchPoint
organisation-contact-point-tender-receip-part,,,BT-502-Organization-Company
touchpoint-post-code-tender-eval-part,,,BT-512-Organization-TouchPoint
modification-description,BT-202-Contract,,BT-202-Contract
value-prize-cur-lot,,,BT-644-Lot
contract-identifier,BT-150-Contract,,BT-150-Contract
deletion-date,,,
submission-url-lot,BT-18-Lot,,BT-18-Lot
touchpoint-tel-fiscal-legis-part,,,BT-503-Organization-TouchPoint
organisation-country-ted-esen,,,BT-514-Organization-Company
award-criterion-name-lot,BT-734-Lot,,BT-734-Lot
successive-redution-lot,BT-52-Lot,,BT-52-Lot
ubo-country,,,BT-514-UBO
touchpoint-internet-address-mediator-part,,,BT-505-Organization-TouchPoint
touchpoint-name-tenderer,,,BT-500-Organization-TouchPoint
touchpoint-street-docprovider-lot,,,"BT-510(a)-Organization-TouchPoint, BT-510(b)-Organization-TouchPoint, BT-510(c)-Organization-TouchPoint"
touchpoint-partname-reviewinfo-part,,,BT-16-Organization-TouchPoint
touchpoint-internet-address-reviewinfo-lot,,,BT-505-Organization-TouchPoint
organisation-tel-revieworg-lot,,,BT-503-Organization-Company
organisation-internet-address-paying,,,BT-505-Organization-Company
touchpoint-country-paying,,,BT-514-Organization-TouchPoint
buyer-country-sub,,,BT-507-Organization-Company[OPT-200-Organization-Company = OPT-300-Procedure-Buyer]
organisation-identifier-tenderer,,,BT-501-Organization-Company
concession-revenue-user,BT-162-Tender,,BT-162-Tender
subcontracting-allowed-lot,OPT-150-LOT,,OPT-150-LOT
total-value,TV,,"BT-161-NoticeResult
BT-118-NoticeResult
BT-271-Procedure
BT-27-Procedure
BT-709-LotResult
BT-660-LotResult
BT-644-Lot"
organisation-fax-fiscal-legis-part,,,BT-739-Organization-Company
consumption-metric-res,OPT-080-LotResult,,OPT-080-LotResult
dps-usage-lot,BT-766-Lot,,BT-766-Lot
organisation-country-employ-legis-part,,,BT-514-Organization-Company
organisation-contact-point-serv-prov,,,BT-502-Organization-Company
buyer-person,,,BT-633-Organization[OPT-200-Organization-Company = OPT-300-Procedure-Buyer]
organisation-country-sub-subcontractor,,,BT-507-Organization-Company
organisation-post-code-docprovider-part,,,BT-512-Organization-Company
modification-part-reference,BT-1501(p)-Contract,BT-1501(s)-Contract,"BT-1501(p)-Contract,BT-1501(s)-Contract"
ubo-fax,,,BT-739-UBO
touchpoint-street-addinfo-part,,,"BT-510(a)-Organization-TouchPoint, BT-510(b)-Organization-TouchPoint, BT-510(c)-Organization-TouchPoint"
touchpoint-partname-employ-legis-part,,,BT-16-Organization-TouchPoint
organisation-partname-fiscal-legis-lot,,,BT-16-Organization-Company
change-procurement-documents,BT-718-notice,,BT-718-notice
touchpoint-tel-addinfo-part,,,BT-503-Organization-TouchPoint
touchpoint-street-reviewinfo-part,,,"BT-510(a)-Organization-TouchPoint, BT-510(b)-Organization-TouchPoint, BT-510(c)-Organization-TouchPoint"
touchpoint-country-sub-subcontractor,,,BT-507-Organization-TouchPoint
organisation-street-mediator-lot,,,"BT-510(a)-Organization-Company, BT-510(b)-Organization-Company, BT-510(c)-Organization-Company"
organisation-tel-financing,,,BT-503-Organization-Company
electronic-payment-lot,BT-93-Lot,,BT-93-Lot
organisation-contact-point-docprovider-part,,,BT-502-Organization-Company
buyer-partname,,,BT-16-Organization-Company[OPT-200-Organization-Company = OPT-300-Procedure-Buyer]
organisation-name-docprovider-lot,,,BT-500-Organization-Company
selection-criterion-lot,BT-809-Lot,BT-747-Lot,"BT-809-Lot, BT-747-Lot"
touchpoint-internet-address-docprovider-lot,,,BT-505-Organization-TouchPoint
official-language,OL,BT-702-notice,"BT-702(a)-notice
BT-702(b)-notice"
organisation-city-mediator-part,,,BT-513-Organization-Company
main-activity,MA,,"BT-10-Procedure-Buyer
BT-610-Procedure-Buyer"
review-date,BT-787-Review,,BT-787-Review
buyer-gateway,,,BT-509-Organization-Company[OPT-200-Organization-Company = OPT-300-Procedure-Buyer]
selection-criteria-second-stage-invite-number-threshold-lot,BT-7532-Lot,,BT-7532-Lot
additional-classification-part,BT-263-Part,,BT-263-Part
organisation-name-fiscal-legis-part,,,BT-500-Organization-Company
document-unofficial-language-part,BT-737-Part,,BT-737-Part
organisation-person-revieworg-part,,,BT-633-Organization
environmental-impact-lot,BT-774-Lot,,BT-774-Lot
submission-nonelectronic-description-lot,BT-745-Lot,,BT-745-Lot
contract-nature-subtype,OPP-040-Procedure,,OPP-040-Procedure
organisation-partname-tender-eval-lot,,,BT-16-Organization-Company
FT,,,
organisation-contact-point-ted-esen,,,BT-502-Organization-Company
framework-duration-justification-lot,BT-109-Lot,,BT-109-Lot
organisation-fax-employ-legis-part,,,BT-739-Organization-Company
organisation-post-code-fiscal-legis-part,,,BT-512-Organization-Company
organisation-gateway-addinfo-part,,,BT-509-Organization-Company
touchpoint-tel-addinfo-lot,,,BT-503-Organization-TouchPoint
deadline-receipt-request,DT,,"BT-630(d)-Lot
BT-1311(d)-Lot
BT-131(d)-Lot"
organisation-country-sub-mediator-part,,,BT-507-Organization-Company
touchpoint-name-fiscal-legis-lot,,,BT-500-Organization-TouchPoint
buyer-name,AU,,BT-500-Organization-Company[OPT-200-Organization-Company = OPT-300-Procedure-Buyer]
touchpoint-email-addinfo-part,,,BT-506-Organization-TouchPoint
contract-url,BT-151-Contract,,BT-151-Contract
organisation-person-fiscal-legis-lot,,,BT-633-Organization
option-description-lot,BT-54-lot,,BT-54-lot
touchpoint-city-reviewinfo-lot,,,BT-513-Organization-TouchPoint
organisation-name-revieworg-part,,,BT-500-Organization-Company
organisation-email-tenderer,,,BT-506-Organization-Company
procedure-accelerated,BT-106-Procedure,,BT-106-Procedure
touchpoint-country-tenderer,,,BT-514-Organization-TouchPoint
notice-title,TI,,see comment
touchpoint-partname-employ-legis-lot,,,BT-16-Organization-TouchPoint
touchpoint-partname-tender-receip-part,,,BT-16-Organization-TouchPoint
organisation-contact-point-signatory,,,BT-502-Organization-Company
legal-basis,DI,,BT-01-notice
touchpoint-street-tender-eval-part,,,"BT-510(a)-Organization-TouchPoint, BT-510(b)-Organization-TouchPoint, BT-510(c)-Organization-TouchPoint"
jury-decision-binding-lot,BT-42-Lot,,BT-42-Lot
TY,,,
award-criterion-number-weight-glo,BT-5421-LotsGroup,,BT-5421-LotsGroup
deadline-receipt-expressions-date-lot,BT-630(d)-Lot,,BT-630(d)-Lot
review-notice-section-id,BT-786-Review,,BT-786-Review
organisation-contact-point-addinfo-lot,,,BT-502-Organization-Company
winner-decision-date,BT-1451-Contract,,BT-1451-Contract
registration-place-country,OPP-112-Business,,OPP-112-Business
touchpoint-internet-address-subcontractor,,,BT-505-Organization-TouchPoint
touchpoint-gateway-docprovider-lot,,,BT-509-Organization-TouchPoint
organisation-identifier-environ-legis-part,,,BT-501-Organization-Company
organisation-internet-address-revieworg-part,,,BT-505-Organization-Company
predominance-lot,OPP-023-Contract,,OPP-023-Contract
organisation-gateway-ted-esen,,,BT-509-Organization-Company
organisation-internet-address-employ-legis-part,,,BT-505-Organization-Company
touchpoint-post-code-reviewinfo-part,,,BT-512-Organization-TouchPoint
organisation-country-mediator-lot,,,BT-514-Organization-Company
ojs-number,OJ,OPP-011-notice,OPP-011-notice
organisation-gateway-buyer,,,BT-509-Organization-Company
contract-nature,NC,,"BT-23-Procedure
BT-531-Procedure
BT-23-Part
BT-531-Part
BT-23-Lot
BT-531-Lot"
touchpoint-country-sub-signatory,,,BT-507-Organization-TouchPoint
touchpoint-fax-fiscal-legis-lot,,,BT-739-Organization-TouchPoint
review-request-fee,BT-795-Review,,BT-795-Review
touchpoint-internet-address-financing,,,BT-505-Organization-TouchPoint
review-title,BT-788-Review,,BT-788-Review
touchpoint-internet-address-environ-legis-part,,,BT-505-Organization-TouchPoint
organisation-post-code-environ-legis-lot,,,BT-512-Organization-Company
touchpoint-email-tender-eval-lot,,,BT-506-Organization-TouchPoint
touchpoint-partname-mediator-lot,,,BT-16-Organization-TouchPoint
touchpoint-gateway-tenderer,,,BT-509-Organization-TouchPoint
place-of-performance-add-proc,BT-728-Procedure,,BT-728-Procedure
touchpoint-street-docprovider-part,,,"BT-510(a)-Organization-TouchPoint, BT-510(b)-Organization-TouchPoint, BT-510(c)-Organization-TouchPoint"
touchpoint-gateway-docprovider-part,,,BT-509-Organization-TouchPoint
title-lot,BT-21-Lot,,BT-21-Lot
touchpoint-internet-address-tender-eval-lot,,,BT-505-Organization-TouchPoint
touchpoint-name-ted-esen,,,BT-500-Organization-TouchPoint
touchpoint-partname-signatory,,,BT-16-Organization-TouchPoint
organisation-city-revieworg-lot,,,BT-513-Organization-Company
organisation-identifier-addinfo-part,,,BT-501-Organization-Company
touchpoint-country-sub-addinfo-part,,,BT-507-Organization-TouchPoint
organisation-name-tender-eval-part,,,BT-500-Organization-Company
touchpoint-tel-revieworg-part,,,BT-503-Organization-TouchPoint
organisation-contact-point-fiscal-legis-part,,,BT-502-Organization-Company
business-tel,,,BT-503-Business
organisation-tel-tender-receip-part,,,BT-503-Organization-Company
review-decision-type,BT-790-Review,,BT-790-Review
touchpoint-tel-employ-legis-part,,,BT-503-Organization-TouchPoint
touchpoint-post-code-environ-legis-lot,,,BT-512-Organization-TouchPoint
organisation-internet-address-fiscal-legis-lot,,,BT-505-Organization-Company
non-award-justification,BT-144-LotResult,,BT-144-LotResult
revenues-allocation-lot,OPP-032-Tender,,OPP-032-Tender
organisation-name-tender-eval-lot,,,BT-500-Organization-Company
announcement-url,OPP-122-Business,,OPP-122-Business
winner-touchpoint-name,,,BT-500-Organization-TouchPoint[OPT-300-Tenderer[OPT-210-Tenderer[OPT-310-Tender[OPT-321-Tender=OPT-320-LotResult[BT-142-LotResult='selec-w']]]]]
reserved-execution-lot,BT-736-Lot,,BT-736-Lot
organisation-name-employ-legis-part,,,BT-500-Organization-Company
organisation-name-signatory,,,BT-500-Organization-Company
touchpoint-country-sub-buyer,,,BT-507-Organization-TouchPoint
direct-award-justification-previous-procedure-identifier-proct,BT-1252-Procedure,,BT-1252-Procedure
organisation-post-code-tender-eval-part,,,BT-512-Organization-Company
review-remedy-value-cur,,,BT-793-Review
touchpoint-fax-revieworg-part,,,BT-739-Organization-TouchPoint
organisation-street-financing,,,"BT-510(a)-Organization-Company, BT-510(b)-Organization-Company, BT-510(c)-Organization-Company"
renewal-maximum-lot,BT-58-Lot,,BT-58-Lot
organisation-country-employ-legis-lot,,,BT-514-Organization-Company
value-prize-lot,BT-644-Lot,,BT-644-Lot
touchpoint-tel-reviewinfo-part,,,BT-503-Organization-TouchPoint
touchpoint-tel-subcontractor,,,BT-503-Organization-TouchPoint
organisation-internet-address-buyer,,,BT-505-Organization-Company
touchpoint-contact-point-paying,,,BT-502-Organization-TouchPoint
business-city,,,BT-513-Business
touchpoint-street-tender-receip-lot,,,"BT-510(a)-Organization-TouchPoint, BT-510(b)-Organization-TouchPoint, BT-510(c)-Organization-TouchPoint"
review-remedy-type,BT-792-Review,,BT-792-Review
organisation-country-sub-financing,,,BT-507-Organization-Company
contract-duration-period-oth-part,BT-538-Part,,BT-538-Part
organisation-name-docprovider-part,,,BT-500-Organization-Company
place-of-performance-city-part,BT-5131-Part,,BT-5131-Part
organisation-contact-point-reviewinfo-lot,,,BT-502-Organization-Company
award-criterion-number-threshold-lot,BT-5423-Lot,,BT-5423-Lot
touchpoint-city-environ-legis-part,,,BT-513-Organization-TouchPoint
RN,,,
touchpoint-partname-paying,,,BT-16-Organization-TouchPoint
framework-value-notice,BT-118-NoticeResult,,BT-118-NoticeResult
touchpoint-contact-point-fiscal-legis-lot,,,BT-502-Organization-TouchPoint
tender-payment-value-info-res,BT-780-Tender,,BT-780-Tender
touchpoint-street-buyer,,,"BT-510(a)-Organization-TouchPoint, BT-510(b)-Organization-TouchPoint, BT-510(c)-Organization-TouchPoint"
organisation-identifier-addinfo-lot,,,BT-501-Organization-Company
organisation-fax-environ-legis-lot,,,BT-739-Organization-Company
touchpoint-post-code-environ-legis-part,,,BT-512-Organization-TouchPoint
tender-variant,BT-193-Tender,,BT-193-Tender
organisation-identifier-revieworg-lot,,,BT-501-Organization-Company
organisation-email-reviewinfo-part,,,BT-506-Organization-Company
organisation-email-tender-receip-lot,,,BT-506-Organization-Company
description-lot,BT-24-Lot,,BT-24-Lot
contract-nature-add-lot,BT-531-Lot,,BT-531-Lot
sme-lot,BT-726-Lot,,BT-726-Lot
touchpoint-country-reviewinfo-part,,,BT-514-Organization-TouchPoint
recurrence-description-lot,BT-95-Lot,,BT-95-Lot
organisation-contact-point-docprovider-lot,,,BT-502-Organization-Company
foreign-subsidies-measures-res,BT-682-Tender,,BT-682-Tender
organisation-internet-address-subcontractor,,,BT-505-Organization-Company
organisation-internet-address-mediator-lot,,,BT-505-Organization-Company
touchpoint-contact-point-employ-legis-lot,,,BT-502-Organization-TouchPoint
touchpoint-city-addinfo-lot,,,BT-513-Organization-TouchPoint
organisation-gateway-tender-receip-part,,,BT-509-Organization-Company
touchpoint-post-code-subcontractor,,,BT-512-Organization-TouchPoint
touchpoint-post-code-docprovider-part,,,BT-512-Organization-TouchPoint
touchpoint-country-tender-eval-part,,,BT-514-Organization-TouchPoint
organisation-country-sub-environ-legis-part,,,BT-507-Organization-Company
review-request-fee-cur,,,BT-795-Review
touchpoint-city-employ-legis-lot,,,BT-513-Organization-TouchPoint
touchpoint-name-employ-legis-part,,,BT-500-Organization-TouchPoint
gpa-lot,BT-115-Lot,,BT-115-Lot
organisation-tel-docprovider-part,,,BT-503-Organization-Company
organisation-post-code-environ-legis-part,,,BT-512-Organization-Company
organisation-fax-tender-receip-lot,,,BT-739-Organization-Company
organisation-name-tender-receip-lot,,,BT-500-Organization-Company
touchpoint-internet-address-addinfo-lot,,,BT-505-Organization-TouchPoint
kilometer-public-transport,OPP-080-Tender,,OPP-080-Tender
organisation-person-financing,,,BT-633-Organization
organisation-gateway-mediator-part,,,BT-509-Organization-Company
organisation-street-tender-receip-part,,,"BT-510(a)-Organization-Company, BT-510(b)-Organization-Company, BT-510(c)-Organization-Company"
touchpoint-country-addinfo-part,,,BT-514-Organization-TouchPoint
organisation-country-reviewinfo-lot,,,BT-514-Organization-Company
touchpoint-tel-signatory,,,BT-503-Organization-TouchPoint
organisation-city-tender-eval-part,,,BT-513-Organization-Company
touchpoint-fax-ted-esen,,,BT-739-Organization-TouchPoint
ubo-name,,,BT-500-UBO
touchpoint-email-docprovider-lot,,,BT-506-Organization-TouchPoint
organisation-person-reviewinfo-part,,,BT-633-Organization
organisation-country-revieworg-lot,,,BT-514-Organization-Company
touchpoint-contact-point-addinfo-part,,,BT-502-Organization-TouchPoint
touchpoint-gateway-tender-receip-part,,,BT-509-Organization-TouchPoint
organisation-country-sub-buyer,,,BT-507-Organization-Company
touchpoint-email-financing,,,BT-506-Organization-TouchPoint
framework-buyer-categories-lot,BT-111-Lot,,BT-111-Lot
touchpoint-contact-point-reviewinfo-lot,,,BT-502-Organization-TouchPoint
tender-value-cur-highest,,,BT-711-LotResult
no-negocaition-necessary-lot,BT-120-Lot,,BT-120-Lot
document-url-lot,BT-15-Lot,,BT-15-Lot
subcontracting,BT-773-Tender,,BT-773-Tender
organisation-partname-employ-legis-lot,,,BT-16-Organization-Company
touchpoint-contact-point-financing,,,BT-502-Organization-TouchPoint
organisation-country-sub-tenderer,,,BT-507-Organization-Company
touchpoint-email-subcontractor,,,BT-506-Organization-TouchPoint
award-criterion-description-glo,BT-540-LotsGroup,,BT-540-LotsGroup
result-value-cur-notice,,,BT-161-NoticeResult
business-email,,,BT-506-Business
touchpoint-street-environ-legis-lot,,,"BT-510(a)-Organization-TouchPoint, BT-510(b)-Organization-TouchPoint, BT-510(c)-Organization-TouchPoint"
organisation-partname-addinfo-lot,,,BT-16-Organization-Company
organisation-email-employ-legis-part,,,BT-506-Organization-Company
touchpoint-gateway-tender-eval-part,,,BT-509-Organization-TouchPoint
touchpoint-tel-tender-receip-part,,,BT-503-Organization-TouchPoint
organisation-tel-addinfo-lot,,,BT-503-Organization-Company
additional-information-lot,BT-300-Lot,,BT-300-Lot
organisation-internet-address-addinfo-lot,,,BT-505-Organization-Company
organisation-gateway-fiscal-legis-lot,,,BT-509-Organization-Company
touchpoint-tel-serv-prov,,,BT-503-Organization-TouchPoint
country-origin,BT-191-Tender,,BT-191-Tender
touchpoint-street-addinfo-lot,,,"BT-510(a)-Organization-TouchPoint, BT-510(b)-Organization-TouchPoint, BT-510(c)-Organization-TouchPoint"
touchpoint-street-fiscal-legis-part,,,"BT-510(a)-Organization-TouchPoint, BT-510(b)-Organization-TouchPoint, BT-510(c)-Organization-TouchPoint"
organisation-post-code-reviewinfo-part,,,BT-512-Organization-Company
submission-language,SUB_LG,BT-97-Lot,BT-97-Lot
touchpoint-city-fiscal-legis-lot,,,BT-513-Organization-TouchPoint
organisation-email-subcontractor,,,BT-506-Organization-Company
touchpoint-street-revieworg-part,,,"BT-510(a)-Organization-TouchPoint, BT-510(b)-Organization-TouchPoint, BT-510(c)-Organization-TouchPoint"
organisation-name-mediator-part,,,BT-500-Organization-Company
selection-criteria-second-stage-invite-lot,BT-40-Lot,,BT-40-Lot
touchpoint-partname-serv-prov,,,BT-16-Organization-TouchPoint
buyer-touchpoint-name,,,BT-500-Organization-TouchPoint[OPT-200-Organization-Company = OPT-300-Procedure-Buyer]
organisation-contact-point-tender-eval-lot,,,BT-502-Organization-Company
framework-estimated-value-glo,BT-157-LotsGroup,,BT-157-LotsGroup
touchpoint-street-ted-esen,,,"BT-510(a)-Organization-TouchPoint, BT-510(b)-Organization-TouchPoint, BT-510(c)-Organization-TouchPoint"
public-opening-place-lot,BT-133-Lot,,BT-133-Lot
touchpoint-country-docprovider-part,,,BT-514-Organization-TouchPoint
award-criterion-type-lot,BT-539-Lot,,BT-539-Lot
organisation-tel-reviewinfo-part,,,BT-503-Organization-Company
organisation-country-mediator-part,,,BT-514-Organization-Company
organisation-internet-address-employ-legis-lot,,,BT-505-Organization-Company
touchpoint-partname-revieworg-part,,,BT-16-Organization-TouchPoint
touchpoint-email-ted-esen,,,BT-506-Organization-TouchPoint
touchpoint-street-mediator-part,,,"BT-510(a)-Organization-TouchPoint, BT-510(b)-Organization-TouchPoint, BT-510(c)-Organization-TouchPoint"
organisation-post-code-financing,,,BT-512-Organization-Company
place-of-performance-other-lot,BT-727-Lot,,BT-727-Lot
organisation-country-sub-fiscal-legis-part,,,BT-507-Organization-Company
organisation-city-tender-eval-lot,,,BT-513-Organization-Company
touchpoint-city-signatory,,,BT-513-Organization-TouchPoint
organisation-tel-tenderer,,,BT-503-Organization-Company
touchpoint-email-employ-legis-lot,,,BT-506-Organization-TouchPoint
organisation-country-sub-tender-receip-part,,,BT-507-Organization-Company
touchpoint-post-code-reviewinfo-lot,,,BT-512-Organization-TouchPoint
touchpoint-email-environ-legis-part,,,BT-506-Organization-TouchPoint
organisation-fax-addinfo-part,,,BT-739-Organization-Company
organisation-partname-tender-receip-part,,,BT-16-Organization-Company
organisation-street-signatory,,,"BT-510(a)-Organization-Company, BT-510(b)-Organization-Company, BT-510(c)-Organization-Company"
organisation-country-paying,,,BT-514-Organization-Company
ecatalog-allowed-lot,BT-764-Lot,,BT-764-Lot
used-assetlot,OPP-021-Contract,,OPP-021-Contract
ubo-country-sub,,,BT-507-UBO
issue-date,OPP-123-Business,,OPP-123-Business
significance-lot,OPP-022-Contract,,OPP-022-Contract
review-applicant-id,BT-808-Review,,BT-808-Review
organisation-internet-address-tender-receip-part,,,BT-505-Organization-Company
touchpoint-fax-mediator-part,,,BT-739-Organization-TouchPoint
touchpoint-city-mediator-part,,,BT-513-Organization-TouchPoint
touchpoint-country-subcontractor,,,BT-514-Organization-TouchPoint
foreign-subsidies-regulation-lot,BT-681-Lot,,BT-681-Lot
description-part,BT-24-Part,,BT-24-Part
organisation-gateway-employ-legis-lot,,,BT-509-Organization-Company
touchpoint-country-fiscal-legis-part,,,BT-514-Organization-TouchPoint
organisation-street-buyer,,,"BT-510(a)-Organization-Company, BT-510(b)-Organization-Company, BT-510(c)-Organization-Company"
organisation-country-signatory,,,BT-514-Organization-Company
main-classification-lot,BT-262-Lot,,BT-262-Lot
touchpoint-contact-point-ted-esen,,,BT-502-Organization-TouchPoint
organisation-country-subcontractor,,,BT-514-Organization-Company
concession-value-description,BT-163-Tender,,BT-163-Tender
organisation-person-mediator-part,,,BT-633-Organization
organisation-internet-address-signatory,,,BT-505-Organization-Company
organisation-name-mediator-lot,,,BT-500-Organization-Company
touchpoint-country-financing,,,BT-514-Organization-TouchPoint
touchpoint-name-tender-receip-lot,,,BT-500-Organization-TouchPoint
touchpoint-partname-tender-eval-part,,,BT-16-Organization-TouchPoint
touchpoint-name-docprovider-lot,,,BT-500-Organization-TouchPoint
specific-ipi-measure-res,BT-685-LotResult,,BT-685-LotResult
touchpoint-contact-point-tender-receip-lot,,,BT-502-Organization-TouchPoint
organisation-street-reviewinfo-part,,,"BT-510(a)-Organization-Company, BT-510(b)-Organization-Company, BT-510(c)-Organization-Company"
organisation-partname-environ-legis-lot,,,BT-16-Organization-Company
touchpoint-email-environ-legis-lot,,,BT-506-Organization-TouchPoint
touchpoint-fax-docprovider-lot,,,BT-739-Organization-TouchPoint
touchpoint-street-tenderer,,,"BT-510(a)-Organization-TouchPoint, BT-510(b)-Organization-TouchPoint, BT-510(c)-Organization-TouchPoint"
organisation-identifier-financing,,,BT-501-Organization-Company
ubo-city,,,BT-513-UBO
touchpoint-street-revieworg-lot,,,"BT-510(a)-Organization-TouchPoint, BT-510(b)-Organization-TouchPoint, BT-510(c)-Organization-TouchPoint"
subcontracting-indication-lot,BT-651-Lot,,BT-651-Lot
organisation-tel-docprovider-lot,,,BT-503-Organization-Company
touchpoint-post-code-fiscal-legis-part,,,BT-512-Organization-TouchPoint
touchpoint-street-tender-receip-part,,,"BT-510(a)-Organization-TouchPoint, BT-510(b)-Organization-TouchPoint, BT-510(c)-Organization-TouchPoint"
assets-related-contract-extension-indicator-lot,OPP-020-Contract,,OPP-020-Contract
organisation-tel-subcontractor,,,BT-503-Organization-Company
HA,,,
organisation-street-environ-legis-part,,,"BT-510(a)-Organization-Company, BT-510(b)-Organization-Company, BT-510(c)-Organization-Company"
organisation-person-docprovider-lot,,,BT-633-Organization
subcontracting-obligation-minimum-lot,BT-64-Lot,,BT-64-Lot
organisation-country-sub-paying,,,BT-507-Organization-Company
touchpoint-post-code-tender-receip-part,,,BT-512-Organization-TouchPoint
organisation-name-environ-legis-part,,,BT-500-Organization-Company
place-of-performance-country-part,BT-5141-Part,,BT-5141-Part
organisation-fax-paying,,,BT-739-Organization-Company
organisation-identifier-environ-legis-lot,,,BT-501-Organization-Company
organisation-street-tender-receip-lot,,,"BT-510(a)-Organization-Company, BT-510(b)-Organization-Company, BT-510(c)-Organization-Company"
tender-validity-deadline-lot,BT-98-Lot,,BT-98-Lot
organisation-country-sub-addinfo-lot,,,BT-507-Organization-Company
legal-basis-proc,BT-01(c)-procedure,,BT-01(c)-procedure
touchpoint-internet-address-fiscal-legis-lot,,,BT-505-Organization-TouchPoint
organisation-tel-mediator-lot,,,BT-503-Organization-Company
touchpoint-fax-serv-prov,,,BT-739-Organization-TouchPoint
touchpoint-partname-mediator-part,,,BT-16-Organization-TouchPoint
organisation-email-revieworg-part,,,BT-506-Organization-Company
touchpoint-post-code-fiscal-legis-lot,,,BT-512-Organization-TouchPoint
organisation-street-subcontractor,,,"BT-510(a)-Organization-Company, BT-510(b)-Organization-Company, BT-510(c)-Organization-Company"
organisation-name-environ-legis-lot,,,BT-500-Organization-Company
organisation-street-ted-esen,,,"BT-510(a)-Organization-Company, BT-510(b)-Organization-Company, BT-510(c)-Organization-Company"
touchpoint-tel-employ-legis-lot,,,BT-503-Organization-TouchPoint
touchpoint-tel-tender-eval-lot,,,BT-503-Organization-TouchPoint
subcontracting-value,BT-553-Tender,,BT-553-Tender
organisation-post-code-fiscal-legis-lot,,,BT-512-Organization-Company
touchpoint-email-signatory,,,BT-506-Organization-TouchPoint
framework-agreement-lot,BT-765-Lot,,BT-765-Lot
organisation-identifier-subcontractor,,,BT-501-Organization-Company
touchpoint-email-employ-legis-part,,,BT-506-Organization-TouchPoint
document-restricted-justification,BT-707-Lot,,BT-707-Lot
touchpoint-country-tender-receip-part,,,BT-514-Organization-TouchPoint
place-of-performance-subdiv-proc,BT-5071-Procedure,,BT-5071-Procedure
organisation-person-buyer,,,BT-633-Organization
organisation-street-revieworg-part,,,"BT-510(a)-Organization-Company, BT-510(b)-Organization-Company, BT-510(c)-Organization-Company"
notice-version,BT-757-notice,,BT-757-notice
organisation-post-code-revieworg-part,,,BT-512-Organization-Company
organisation-internet-address-ted-esen,,,BT-505-Organization-Company
touchpoint-name-tender-receip-part,,,BT-500-Organization-TouchPoint
deadline-receipt-expressions-time-lot,BT-630(t)-Lot,,BT-630(t)-Lot
touchpoint-contact-point-environ-legis-part,,,BT-502-Organization-TouchPoint
document-restricted-url-lot,BT-615-Lot,,BT-615-Lot
modification-justification,BT-200-Contract,,BT-200-Contract
organisation-country-sub-tender-eval-part,,,BT-507-Organization-Company
concession-revenue-cur-buyer,,,BT-160-Tender
touchpoint-fax-tender-eval-lot,,,BT-739-Organization-TouchPoint
touchpoint-country-sub-tender-receip-part,,,BT-507-Organization-TouchPoint
direct-award-justification-proc,BT-136-Procedure,,BT-136-Procedure
organisation-street-addinfo-part,,,"BT-510(a)-Organization-Company, BT-510(b)-Organization-Company, BT-510(c)-Organization-Company"
organisation-partname-reviewinfo-lot,,,BT-16-Organization-Company
additional-information,OPP-130-Business,,OPP-130-Business
previous-planning-identifier,,,
touchpoint-street-serv-prov,,,"BT-510(a)-Organization-TouchPoint, BT-510(b)-Organization-TouchPoint, BT-510(c)-Organization-TouchPoint"
review-deadline-description-lot,BT-99-Lot,,BT-99-Lot
exclusion-grounds-description,BT-67(b)-Procedure,,BT-67(b)-Procedure
estimated-value-cur-lot,,,BT-27-Lot
eu-registration-number,BT-501-Business-European,,BT-501-Business-European
document-restricted-url-part,BT-615-Part,,BT-615-Part
organisation-partname-buyer,,,BT-16-Organization-Company
organisation-identifier-revieworg-part,,,BT-501-Organization-Company
organisation-gateway-serv-prov,,,BT-509-Organization-Company
buyer-touchpoint-post-code,,,BT-512-Organization-TouchPoint[OPT-200-Organization-Company = OPT-300-Procedure-Buyer]
touchpoint-tel-financing,,,BT-503-Organization-TouchPoint
organisation-country-sub-employ-legis-part,,,BT-507-Organization-Company
touchpoint-contact-point-tenderer,,,BT-502-Organization-TouchPoint
award-criterion-number-fixed-glo,BT-5422-LotsGroup,,BT-5422-LotsGroup
savings-metric-res,OPT-081-LotResult,,OPT-081-LotResult
winner-email,,,BT-506-Organization-Company[OPT-300-Tenderer[OPT-210-Tenderer[OPT-310-Tender[OPT-321-Tender=OPT-320-LotResult[BT-142-LotResult='selec-w']]]]]
organisation-gateway-mediator-lot,,,BT-509-Organization-Company
accessibility-lot,BT-754-Lot,,BT-754-Lot
organisation-identifier-employ-legis-part,,,BT-501-Organization-Company
touchpoint-email-reviewinfo-lot,,,BT-506-Organization-TouchPoint
touchpoint-country-sub-revieworg-part,,,BT-507-Organization-TouchPoint
touchpoint-internet-address-employ-legis-part,,,BT-505-Organization-TouchPoint
framework-agreement-part,BT-765-Part,,BT-765-Part
lots-max-awarded-proc,BT-33-Procedure,,BT-33-Procedure
organisation-city-mediator-lot,,,BT-513-Organization-Company
framework-estimated-value-cur,,,BT-660-LotResult
eu-funds-name,BT-722-Contract,,BT-722-Contract
organisation-city-tender-receip-part,,,BT-513-Organization-Company
ipi-measures-applicable-lot,BT-684-Lot,,BT-684-Lot
energy-efficiency-label-res,BT-812-LotResult,,BT-812-LotResult
touchpoint-partname-financing,,,BT-16-Organization-TouchPoint
ubo-tel,,,BT-503-UBO
organisation-city-employ-legis-lot,,,BT-513-Organization-Company
tool-url-part,BT-124-Part,,BT-124-Part
review-id,BT-784-Review,,BT-784-Review
place-of-performance-additional-part,BT-728-Part,,BT-728-Part
winner-name,,,BT-500-Organization-Company[OPT-300-Tenderer[OPT-210-Tenderer[OPT-310-Tender[OPT-321-Tender=OPT-320-LotResult[BT-142-LotResult='selec-w']]]]]
NL,,,
review-request-withdrawn,BT-796-Review,,BT-796-Review
touchpoint-gateway-tender-eval-lot,,,BT-509-Organization-TouchPoint
touchpoint-fax-buyer,,,BT-739-Organization-TouchPoint
organisation-contact-point-addinfo-part,,,BT-502-Organization-Company
organisation-name-serv-prov,,,BT-500-Organization-Company
place-of-performance-city-lot,BT-5131-Lot,,BT-5131-Lot
winner-touchpoint-post-code,,,BT-512-Organization-TouchPoint[OPT-300-Tenderer[OPT-210-Tenderer[OPT-310-Tender[OPT-321-Tender=OPT-320-LotResult[BT-142-LotResult='selec-w']]]]]
winner-country-sub,,,BT-507-Organization-Company[OPT-300-Tenderer[OPT-210-Tenderer[OPT-310-Tender[OPT-321-Tender=OPT-320-LotResult[BT-142-LotResult='selec-w']]]]]
framework-estimated-value-cur-glo,,,BT-157-LotsGroup
change-notice-version-identifier,BT-758-notice,,BT-758-notice
organisation-fax-docprovider-lot,,,BT-739-Organization-Company
electronic-ordering-lot,BT-92-Lot,,BT-92-Lot
organisation-name-buyer,,,BT-500-Organization-Company
review-remedy-value,BT-793-Review,,BT-793-Review
organisation-identifier-fiscal-legis-part,,,BT-501-Organization-Company
touchpoint-internet-address-docprovider-part,,,BT-505-Organization-TouchPoint
organisation-country-sub-environ-legis-lot,,,BT-507-Organization-Company
organisation-partname-docprovider-part,,,BT-16-Organization-Company
touchpoint-tel-docprovider-lot,,,BT-503-Organization-TouchPoint
touchpoint-partname-addinfo-part,,,BT-16-Organization-TouchPoint
touchpoint-post-code-signatory,,,BT-512-Organization-TouchPoint
touchpoint-country-sub-employ-legis-lot,,,BT-507-Organization-TouchPoint
organisation-country-tender-receip-lot,,,BT-514-Organization-Company
buyer-email,,,BT-506-Organization-Company[OPT-200-Organization-Company = OPT-300-Procedure-Buyer]
organisation-fax-subcontractor,,,BT-739-Organization-Company
organisation-contact-point-paying,,,BT-502-Organization-Company
touchpoint-name-tender-eval-lot,,,BT-500-Organization-TouchPoint
touchpoint-city-ted-esen,,,BT-513-Organization-TouchPoint
place-of-performance-country-lot,BT-5141-Lot,,BT-5141-Lot
organisation-email-reviewinfo-lot,,,BT-506-Organization-Company
contact-nature-main-part,BT-23-Part,,BT-23-Part
touchpoint-street-tender-eval-lot,,,"BT-510(a)-Organization-TouchPoint, BT-510(b)-Organization-TouchPoint, BT-510(c)-Organization-TouchPoint"
organisation-identifier-reviewinfo-lot,,,BT-501-Organization-Company
organisation-post-code-subcontractor,,,BT-512-Organization-Company
selection-criterion-used-lot,BT-748-Lot,,BT-748-Lot
organisation-email-environ-legis-part,,,BT-506-Organization-Company
touchpoint-fax-employ-legis-lot,,,BT-739-Organization-TouchPoint
touchpoint-email-fiscal-legis-part,,,BT-506-Organization-TouchPoint
organisation-gateway-tenderer,,,BT-509-Organization-Company
organisation-person-environ-legis-part,,,BT-633-Organization
classification-cpv,PC,,"BT-262-Procedure
BT-263-Procedure
BT-262-Part
BT-263-Part
BT-262-Lot
BT-263-Lot"
estimated-value-proc,BT-27-Procedure,,BT-27-Procedure
touchpoint-tel-revieworg-lot,,,BT-503-Organization-TouchPoint
announcement-title,OPP-121-Business,,OPP-121-Business
touchpoint-name-mediator-part,,,BT-500-Organization-TouchPoint
organisation-partname-addinfo-part,,,BT-16-Organization-Company
touchpoint-name-buyer,,,BT-500-Organization-TouchPoint
selection-criterion-name-lot,BT-749-Lot,,BT-749-Lot
organisation-street-tenderer,,,"BT-510(a)-Organization-Company, BT-510(b)-Organization-Company, BT-510(c)-Organization-Company"
organisation-partname-subcontractor,,,BT-16-Organization-Company
buyer-reviewrequests-irregularity-type,BT-636-LotResult,,BT-636-LotResult
touchpoint-street-subcontractor,,,"BT-510(a)-Organization-TouchPoint, BT-510(b)-Organization-TouchPoint, BT-510(c)-Organization-TouchPoint"
award-criterion-name-glo,BT-734-LotsGroup,,BT-734-LotsGroup
electronic-auction-description-lot,BT-122-Lot,,BT-122-Lot
award-criterion-number-weight-lot,BT-5421-Lot,,BT-5421-Lot
modification-previous-notice-identifier,BT-1501(n)-Contract,,BT-1501(n)-Contract
place-of-performance-other-proc,BT-727-Procedure,,BT-727-Procedure
organisation-tel-tender-eval-lot,,,BT-503-Organization-Company
touchpoint-tel-mediator-part,,,BT-503-Organization-TouchPoint
tender-value-cur,,,BT-720-Tender
organisation-fax-tender-receip-part,,,BT-739-Organization-Company
organisation-person-tender-eval-lot,,,BT-633-Organization
touchpoint-email-reviewinfo-part,,,BT-506-Organization-TouchPoint
ubo-post-code,,,BT-512-UBO
organisation-contact-point-employ-legis-lot,,,BT-502-Organization-Company
touchpoint-country-sub-revieworg-lot,,,BT-507-Organization-TouchPoint
touchpoint-internet-address-tender-eval-part,,,BT-505-Organization-TouchPoint
subcontracting-value-cur,,,BT-553-Tender
touchpoint-country-employ-legis-part,,,BT-514-Organization-TouchPoint
strategic-procurement-lot,BT-06-Lot,,BT-06-Lot
touchpoint-email-addinfo-lot,,,BT-506-Organization-TouchPoint
title-glo,BT-21-LotsGroup,,BT-21-LotsGroup
touchpoint-internet-address-mediator-lot,,,BT-505-Organization-TouchPoint
organisation-email-ted-esen,,,BT-506-Organization-Company
estimated-value-cur-proc,,,BT-27-Procedure
touchpoint-partname-fiscal-legis-lot,,,BT-16-Organization-TouchPoint
organisation-contact-point-subcontractor,,,BT-502-Organization-Company
public-opening-description-lot,BT-134-Lot,,BT-134-Lot
touchpoint-post-code-employ-legis-part,,,BT-512-Organization-TouchPoint
organisation-street-fiscal-legis-lot,,,"BT-510(a)-Organization-Company, BT-510(b)-Organization-Company, BT-510(c)-Organization-Company"
dispatch-invitation-interest-lot,BT-631-Lot,,BT-631-Lot
touchpoint-country-sub-mediator-part,,,BT-507-Organization-TouchPoint
deadline-receipt-tender-date-lot,BT-131(d)-Lot,,BT-131(d)-Lot
contract-duration-start-date-lot,BT-536-Lot,,BT-536-Lot
organisation-partname-employ-legis-part,,,BT-16-Organization-Company
touchpoint-post-code-mediator-part,,,BT-512-Organization-TouchPoint
touchpoint-name-addinfo-lot,,,BT-500-Organization-TouchPoint
touchpoint-country-employ-legis-lot,,,BT-514-Organization-TouchPoint
award-criterion-type-glo,BT-539-LotsGroup,,BT-539-LotsGroup
organisation-country-buyer,,,BT-514-Organization-Company
main-classification-part,BT-262-Part,,BT-262-Part
change-reason-description,BT-762-notice,,BT-762-notice
organisation-gateway-addinfo-lot,,,BT-509-Organization-Company
organisation-internet-address-reviewinfo-part,,,BT-505-Organization-Company
organisation-country-tender-receip-part,,,BT-514-Organization-Company
touchpoint-partname-addinfo-lot,,,BT-16-Organization-TouchPoint
organisation-email-paying,,,BT-506-Organization-Company
selection-criterion-description-lot,BT-750-Lot,,BT-750-Lot
touchpoint-partname-tender-eval-lot,,,BT-16-Organization-TouchPoint
winner-touchpoint-partname,,,BT-16-Organization-TouchPoint[OPT-300-Tenderer[OPT-210-Tenderer[OPT-310-Tender[OPT-321-Tender=OPT-320-LotResult[BT-142-LotResult='selec-w']]]]]
activity-sector,OPP-105-Business,,OPP-105-Business
organisation-email-mediator-part,,,BT-506-Organization-Company
organisation-fax-tender-eval-lot,,,BT-739-Organization-Company
buyer-touchpoint-internet-address,,,BT-505-Organization-TouchPoint[OPT-200-Organization-Company = OPT-300-Procedure-Buyer]
identifier-part,BT-137-Part,,BT-137-Part
touchpoint-partname-tender-receip-lot,,,BT-16-Organization-TouchPoint
organisation-country-sub-fiscal-legis-lot,,,BT-507-Organization-Company
touchpoint-gateway-revieworg-part,,,BT-509-Organization-TouchPoint
change-procurement-documents-date,BT-719-notice,,BT-719-notice
touchpoint-contact-point-mediator-lot,,,BT-502-Organization-TouchPoint
review-previous-id,BT-785-Review,,BT-785-Review
organisation-name-fiscal-legis-lot,,,BT-500-Organization-Company
ubo-street,,,BT-510(a)-UBO; BT-510(b)-UBO; BT-510(c)-UBO
touchpoint-fax-tender-receip-part,,,BT-739-Organization-TouchPoint
authority-main-activity,BT-10-Procedure-Buyer,,BT-10-Procedure-Buyer
result-value-lot,BT-709-LotResult,,BT-709-LotResult
organisation-city-docprovider-lot,,,BT-513-Organization-Company
recurrence-lot,BT-94-Lot,,BT-94-Lot
procedure-type,PR,BT-105-Procedure,BT-105-Procedure
energy-savings-res,BT-814-LotResult,,BT-814-LotResult
touchpoint-internet-address-signatory,,,BT-505-Organization-TouchPoint
organisation-partname-paying,,,BT-16-Organization-Company
additional-info-part,BT-300-Part,,BT-300-Part
buyer-country,CY,,"BT-514-Organization-Company[OPT-200-Organization-Company = OPT-300-Procedure-Buyer]
OPP-112-Business"
business-country-sub,,,BT-507-Business
touchpoint-post-code-addinfo-part,,,BT-512-Organization-TouchPoint
additional-classification-lot,BT-263-Lot,,BT-263-Lot
estimated-value-part,BT-27-Part,,BT-27-Part
touchpoint-email-revieworg-lot,,,BT-506-Organization-TouchPoint
organisation-street-addinfo-lot,,,"BT-510(a)-Organization-Company, BT-510(b)-Organization-Company, BT-510(c)-Organization-Company"
organisation-gateway-financing,,,BT-509-Organization-Company
business-street,,,BT-510(a)-Business; BT-510(b)-Business; BT-510(c)-Business
touchpoint-name-signatory,,,BT-500-Organization-TouchPoint
organisation-internet-address-fiscal-legis-part,,,BT-505-Organization-Company
lot-included-proc,BT-1375-Procedure,,BT-1375-Procedure
touchpoint-gateway-addinfo-lot,,,BT-509-Organization-TouchPoint
deadline,DD,,"BT-13(d)-Part
BT-13(d)-Lot"
organisation-city-buyer,,,BT-513-Organization-Company
reserved-procurement-lot,BT-71-Lot,,BT-71-Lot
touchpoint-gateway-fiscal-legis-part,,,BT-509-Organization-TouchPoint
touchpoint-country-buyer,,,BT-514-Organization-TouchPoint
organisation-gateway-paying,,,BT-509-Organization-Company
winner-touchpoint-country,,,BT-514-Organization-TouchPoint[OPT-300-Tenderer[OPT-210-Tenderer[OPT-310-Tender[OPT-321-Tender=OPT-320-LotResult[BT-142-LotResult='selec-w']]]]]
organisation-post-code-ted-esen,,,BT-512-Organization-Company
touchpoint-gateway-environ-legis-lot,,,BT-509-Organization-TouchPoint
submission-nonelectronic-lot,BT-19-Lot,,BT-19-Lot
participant-name-lot,BT-47-Lot,,BT-47-Lot
organisation-contact-point-employ-legis-part,,,BT-502-Organization-Company
organisation-fax-signatory,,,BT-739-Organization-Company
eed-list-item-lot,BT-811(b)-Lot,,BT-811(b)-Lot
place-of-performance-addtional-lot,BT-728-Lot,,BT-728-Lot
organisation-partname-signatory,,,BT-16-Organization-Company
organisation-city-environ-legis-lot,,,BT-513-Organization-Company
organisation-partname-ted-esen,,,BT-16-Organization-Company
organisation-tel-fiscal-legis-part,,,BT-503-Organization-Company
winner-touchpoint-country-sub,,,BT-507-Organization-TouchPoint[OPT-300-Tenderer[OPT-210-Tenderer[OPT-310-Tender[OPT-321-Tender=OPT-320-LotResult[BT-142-LotResult='selec-w']]]]]
touchpoint-fax-financing,,,BT-739-Organization-TouchPoint
identifier-lot,BT-137-Lot,,BT-137-Lot
organisation-gateway-environ-legis-part,,,BT-509-Organization-Company
organisation-person-serv-prov,,,BT-633-Organization
touchpoint-country-ted-esen,,,BT-514-Organization-TouchPoint
organisation-tel-tender-receip-lot,,,BT-503-Organization-Company
touchpoint-email-tender-eval-part,,,BT-506-Organization-TouchPoint
estimated-value-cur-glo,,,BT-27-LotsGroup
touchpoint-fax-mediator-lot,,,BT-739-Organization-TouchPoint
jury-member-name-lot,BT-46-Lot,,BT-46-Lot
organisation-country-docprovider-lot,,,BT-514-Organization-Company
touchpoint-contact-point-revieworg-part,,,BT-502-Organization-TouchPoint
organisation-contact-point-tenderer,,,BT-502-Organization-Company
organisation-fax-addinfo-lot,,,BT-739-Organization-Company
buyer-contact-point,,,BT-502-Organization-Company[OPT-200-Organization-Company = OPT-300-Procedure-Buyer]
winner-listed,BT-746-Organization,,BT-746-Organization
organisation-post-code-tender-eval-lot,,,BT-512-Organization-Company
organisation-country-sub-docprovider-lot,,,BT-507-Organization-Company
organisation-country-sub-addinfo-part,,,BT-507-Organization-Company
organisation-identifier-docprovider-part,,,BT-501-Organization-Company
organisation-street-revieworg-lot,,,"BT-510(a)-Organization-Company, BT-510(b)-Organization-Company, BT-510(c)-Organization-Company"
buyer-profile,BT-508-Procedure-Buyer,,BT-508-Procedure-Buyer
organisation-tel-reviewinfo-lot,,,BT-503-Organization-Company
touchpoint-contact-point-subcontractor,,,BT-502-Organization-TouchPoint
result-framework-maximum-value-cur-notice,BT-271-Procedure-Currency,,BT-271-Procedure
organisation-country-environ-legis-lot,,,BT-514-Organization-Company
dispatch-time,BT-05(b)-notice,,BT-05(b)-notice
subcontracting-description,BT-554-Tender,,BT-554-Tender
touchpoint-city-tender-eval-lot,,,BT-513-Organization-TouchPoint
organisation-identifier-reviewinfo-part,,,BT-501-Organization-Company
procedure-identifier,BT-04-notice,,BT-04-notice
contract-nature-add-part,BT-531-Part,,BT-531-Part
organisation-post-code-employ-legis-part,,,BT-512-Organization-Company
organisation-gateway-tender-eval-part,,,BT-509-Organization-Company
organisation-post-code-signatory,,,BT-512-Organization-Company
touchpoint-contact-point-docprovider-part,,,BT-502-Organization-TouchPoint
touchpoint-internet-address-tenderer,,,BT-505-Organization-TouchPoint
buyer-legal-type,AA,BT-11-Procedure-Buyer,BT-11-Procedure-Buyer
registration-place-town,OPP-110-Business,,OPP-110-Business
main-classification-proc,BT-262-Procedure,,BT-262-Procedure
touchpoint-city-tender-receip-lot,,,BT-513-Organization-TouchPoint
cross-border-law-identifier-proc,BT-09(a)-Procedure,,BT-09(a)-Procedure
touchpoint-fax-fiscal-legis-part,,,BT-739-Organization-TouchPoint
touchpoint-fax-paying,,,BT-739-Organization-TouchPoint
organisation-email-mediator-lot,,,BT-506-Organization-Company
organisation-country-sub-employ-legis-lot,,,BT-507-Organization-Company
touchpoint-post-code-docprovider-lot,,,BT-512-Organization-TouchPoint
touchpoint-gateway-ted-esen,,,BT-509-Organization-TouchPoint
touchpoint-partname-fiscal-legis-part,,,BT-16-Organization-TouchPoint
framework-maximum-participants-number-lot,BT-113-Lot,,BT-113-Lot
organisation-internet-address-tender-eval-part,,,BT-505-Organization-Company
organisation-identifier-paying,,,BT-501-Organization-Company
touchpoint-contact-point-mediator-part,,,BT-502-Organization-TouchPoint
organisation-city-paying,,,BT-513-Organization-Company
touchpoint-city-tenderer,,,BT-513-Organization-TouchPoint
review-request-withdrawn-date,BT-797-Review,,BT-797-Review
touchpoint-gateway-tender-receip-lot,,,BT-509-Organization-TouchPoint
touchpoint-partname-revieworg-lot,,,BT-16-Organization-TouchPoint
touchpoint-country-sub-environ-legis-lot,,,BT-507-Organization-TouchPoint
accessibility-justification-lot,BT-755-Lot,,BT-755-Lot
touchpoint-gateway-mediator-lot,,,BT-509-Organization-TouchPoint
touchpoint-email-mediator-part,,,BT-506-Organization-TouchPoint
buyer-touchpoint-country-sub,,,BT-507-Organization-TouchPoint[OPT-200-Organization-Company = OPT-300-Procedure-Buyer]
touchpoint-country-revieworg-lot,,,BT-514-Organization-TouchPoint
business-contact-point,,,BT-502-Business
organisation-name-addinfo-part,,,BT-500-Organization-Company
change-previous-notice-section-identifier,BT-13716-notice,,BT-13716-notice
organisation-identifier-serv-prov,,,BT-501-Organization-Company
direct-award-justification-text-proc,BT-135-Procedure,,BT-135-Procedure
buyer-contracting-entity,BT-740-Procedure-Buyer,,BT-740-Procedure-Buyer
touchpoint-internet-address-tender-receip-part,,,BT-505-Organization-TouchPoint
organisation-identifier-ted-esen,,,BT-501-Organization-Company
touchpoint-internet-address-paying,,,BT-505-Organization-TouchPoint
touchpoint-tel-tender-eval-part,,,BT-503-Organization-TouchPoint
organisation-fax-tenderer,,,BT-739-Organization-Company
legal-basis-notice,BT-01-notice,,BT-01-notice
review-body-id,BT-807-Review,,BT-807-Review
exception-application-ipi-measure-res,BT-687-LotResult,,BT-687-LotResult
organisation-identifier-tender-receip-part,,,BT-501-Organization-Company
contract-title,BT-721-Contract,,BT-721-Contract
organisation-post-code-paying,,,BT-512-Organization-Company
notice-type,BT-02-notice,,BT-02-notice
touchpoint-city-tender-eval-part,,,BT-513-Organization-TouchPoint
organisation-email-docprovider-lot,,,BT-506-Organization-Company
organisation-identifier-docprovider-lot,,,BT-501-Organization-Company
business-identifier,,,"BT-501-Business-European, BT-501-Business-National"
tender-penalties-res,BT-782-Tender,,BT-782-Tender 
organisation-tel-addinfo-part,,,BT-503-Organization-Company
organisation-country-sub-tender-eval-lot,,,BT-507-Organization-Company
organisation-identifier-employ-legis-lot,,,BT-501-Organization-Company
organisation-city-serv-prov,,,BT-513-Organization-Company
touchpoint-country-sub-reviewinfo-lot,,,BT-507-Organization-TouchPoint
touchpoint-country-sub-docprovider-part,,,BT-507-Organization-TouchPoint
tender-rank,BT-171-Tender,,BT-171-Tender
touchpoint-fax-revieworg-lot,,,BT-739-Organization-TouchPoint
organisation-partname-financing,,,BT-16-Organization-Company
requirement-stage-lot,BT-79-Lot,,BT-79-Lot
description-proc,BT-24-Procedure,,BT-24-Procedure
touchpoint-country-sub-employ-legis-part,,,BT-507-Organization-TouchPoint
organisation-gateway-subcontractor,,,BT-509-Organization-Company
contract-duration-period-oth-lot,BT-538-Lot,,BT-538-Lot
deadline-receipt-answers-date-lot,BT-800(d)-Lot,,BT-800(d)-Lot
touchpoint-partname-environ-legis-lot,,,BT-16-Organization-TouchPoint
contract-duration-end-date-part,BT-537-Part,,BT-537-Part
organisation-city-fiscal-legis-lot,,,BT-513-Organization-Company
strategic-procurement-description-lot,BT-777-Lot,,BT-777-Lot
contract-duration-period-lot,BT-36-Lot,,BT-36-Lot
document-official-language-lot,BT-708-Lot,,BT-708-Lot
winner-identifier,,,BT-501-Organization-Company[OPT-300-Tenderer[OPT-210-Tenderer[OPT-310-Tender[OPT-321-Tender=OPT-320-LotResult[BT-142-LotResult='selec-w']]]]]
touchpoint-gateway-employ-legis-lot,,,BT-509-Organization-TouchPoint
organisation-partname-revieworg-part,,,BT-16-Organization-Company
organisation-tel-employ-legis-part,,,BT-503-Organization-Company
organisation-tel-fiscal-legis-lot,,,BT-503-Organization-Company
winner-touchpoint-email,,,BT-506-Organization-TouchPoint[OPT-300-Tenderer[OPT-210-Tenderer[OPT-310-Tender[OPT-321-Tender=OPT-320-LotResult[BT-142-LotResult='selec-w']]]]]
guarantee-required-lot,BT-751-Lot,,BT-751-Lot
document-restricted-lot,BT-14-Lot,,BT-14-Lot
buyer-post-code,,,BT-512-Organization-Company[OPT-200-Organization-Company = OPT-300-Procedure-Buyer]
social-objective-lot,BT-775-Lot,,BT-775-Lot
buyer-touchpoint-email,,,BT-506-Organization-TouchPoint[OPT-200-Organization-Company = OPT-300-Procedure-Buyer]
organisation-post-code-reviewinfo-lot,,,BT-512-Organization-Company
touchpoint-name-reviewinfo-lot,,,BT-500-Organization-TouchPoint
lots-max-allowed-proc,BT-31-Procedure,,BT-31-Procedure
organisation-country-tender-eval-part,,,BT-514-Organization-Company
organisation-partname-tender-receip-lot,,,BT-16-Organization-Company
organisation-name-reviewinfo-part,,,BT-500-Organization-Company
organisation-contact-point-mediator-lot,,,BT-502-Organization-Company
touchpoint-fax-tender-receip-lot,,,BT-739-Organization-TouchPoint
organisation-city-employ-legis-part,,,BT-513-Organization-Company
organisation-tel-employ-legis-lot,,,BT-503-Organization-Company
organisation-country-addinfo-lot,,,BT-514-Organization-Company
touchpoint-email-revieworg-part,,,BT-506-Organization-TouchPoint
organisation-post-code-employ-legis-lot,,,BT-512-Organization-Company
electronic-auction-lot,BT-767-Lot,,BT-767-Lot
estimated-value-cur-part,,,BT-27-Part
organisation-person-signatory,,,BT-633-Organization
place-of-performance-other-part,BT-727-Part,,BT-727-Part
organisation-identifier-tender-eval-lot,,,BT-501-Organization-Company
organisation-person-revieworg-lot,,,BT-633-Organization
touchpoint-partname-environ-legis-part,,,BT-16-Organization-TouchPoint
eu-funds-identifier,BT-5011-Contract,,BT-5011-Contract
organisation-city-signatory,,,BT-513-Organization-Company
buyer-touchpoint-country,,,BT-514-Organization-TouchPoint[OPT-200-Organization-Company = OPT-300-Procedure-Buyer]
contract-conditions-code-lot,OPP-030-Tender,,OPP-030-Tender
organisation-partname-mediator-lot,,,BT-16-Organization-Company
touchpoint-country-sub-paying,,,BT-507-Organization-TouchPoint
organisation-post-code-serv-prov,,,BT-512-Organization-Company
organisation-country-sub-docprovider-part,,,BT-507-Organization-Company
procedure-justification,BT-1351-Procedure,,BT-1351-Procedure
touchpoint-partname-tenderer,,,BT-16-Organization-TouchPoint
organisation-email-buyer,,,BT-506-Organization-Company
vehicle-type,OPT-155-LotResult,,OPT-155-LotResult
RP,,,
additional-info-glo,BT-300-LotsGroup,,BT-300-LotsGroup
missing-info-submission-lot,BT-771-Lot,,BT-771-Lot
organisation-person-tender-receip-lot,,,BT-633-Organization
organisation-fax-buyer,,,BT-739-Organization-Company
quality-target-code-lot,OPT-071-Lot,,OPT-071-Lot
selection-criteria-second-stage-invite-number-lot,BT-752-Lot,,"BT-752-Lot
BT-752-Lot-WeightNumber
BT-752-Lot-ThresholdNumber"
touchpoint-street-paying,,,"BT-510(a)-Organization-TouchPoint, BT-510(b)-Organization-TouchPoint, BT-510(c)-Organization-TouchPoint"
touchpoint-gateway-fiscal-legis-lot,,,BT-509-Organization-TouchPoint
previous-planning-identifier-part-part,BT-1251-Part,,BT-1251-Part
business-internet-address,,,BT-505-Business
notice-subtype,OPP-070-notice,,OPP-070-notice
organisation-country-sub-reviewinfo-part,,,BT-507-Organization-Company
organisation-city-fiscal-legis-part,,,BT-513-Organization-Company
internal-identifier-part,BT-22-Part,,BT-22-Part
organisation-internet-address-reviewinfo-lot,,,BT-505-Organization-Company
innovative-acquisition-lot,BT-776-Lot,,BT-776-Lot
organisation-city-tender-receip-lot,,,BT-513-Organization-Company
organisation-tel-serv-prov,,,BT-503-Organization-Company
touchpoint-gateway-environ-legis-part,,,BT-509-Organization-TouchPoint
touchpoint-internet-address-environ-legis-lot,,,BT-505-Organization-TouchPoint
organisation-gateway-tender-receip-lot,,,BT-509-Organization-Company
organisation-partname-reviewinfo-part,,,BT-16-Organization-Company
public-opening-time-lot,BT-132(t)-Lot,,BT-132(t)-Lot
organisation-country-revieworg-part,,,BT-514-Organization-Company
contract-nature-main-proc,BT-23-Procedure,,BT-23-Procedure
touchpoint-city-tender-receip-part,,,BT-513-Organization-TouchPoint
touchpoint-post-code-tender-eval-lot,,,BT-512-Organization-TouchPoint
organisation-email-docprovider-part,,,BT-506-Organization-Company
organisation-gateway-fiscal-legis-part,,,BT-509-Organization-Company
tender-value-highest,BT-711-LotResult,TVH,BT-711-LotResult
winner-post-code,,,BT-512-Organization-Company[OPT-300-Tenderer[OPT-210-Tenderer[OPT-310-Tender[OPT-321-Tender=OPT-320-LotResult[BT-142-LotResult='selec-w']]]]]
publication-number,ND,OPP-010-notice,OPP-010-notice
touchpoint-country-environ-legis-lot,,,BT-514-Organization-TouchPoint
organisation-fax-mediator-part,,,BT-739-Organization-Company
touchpoint-city-paying,,,BT-513-Organization-TouchPoint
organisation-person-tender-eval-part,,,BT-633-Organization
place-of-performance-post-code-part,BT-5121-Part,,BT-5121-Part
touchpoint-country-sub-tender-receip-lot,,,BT-507-Organization-TouchPoint
touchpoint-street-financing,,,"BT-510(a)-Organization-TouchPoint, BT-510(b)-Organization-TouchPoint, BT-510(c)-Organization-TouchPoint"
procurement-relaunch,BT-634-Lot,,BT-634-Lot
touchpoint-contact-point-serv-prov,,,BT-502-Organization-TouchPoint
touchpoint-country-signatory,,,BT-514-Organization-TouchPoint
public-opening-date-lot,BT-132(d)-Lot,,BT-132(d)-Lot
touchpoint-country-sub-fiscal-legis-part,,,BT-507-Organization-TouchPoint
overriding-reasons-public-interest-res,BT-688-LotResult,,BT-688-LotResult
touchpoint-contact-point-reviewinfo-part,,,BT-502-Organization-TouchPoint
touchpoint-city-docprovider-lot,,,BT-513-Organization-TouchPoint
document-url-part,BT-15-Part,,BT-15-Part
touchpoint-post-code-mediator-lot,,,BT-512-Organization-TouchPoint
touchpoint-gateway-employ-legis-part,,,BT-509-Organization-TouchPoint
organisation-email-signatory,,,BT-506-Organization-Company
organisation-email-tender-eval-part,,,BT-506-Organization-Company
touchpoint-country-serv-prov,,,BT-514-Organization-TouchPoint
touchpoint-name-tender-eval-part,,,BT-500-Organization-TouchPoint
organisation-contact-point-revieworg-part,,,BT-502-Organization-Company
organisation-partname-fiscal-legis-part,,,BT-16-Organization-Company
organisation-post-code-revieworg-lot,,,BT-512-Organization-Company
organisation-name-paying,,,BT-500-Organization-Company
organisation-country-sub-serv-prov,,,BT-507-Organization-Company
organisation-person-fiscal-legis-part,,,BT-633-Organization
organisation-person-ted-esen,,,BT-633-Organization
organisation-fax-ted-esen,,,BT-739-Organization-Company
received-submissions-type-val,BT-759-LotResult,,BT-759-LotResult
touchpoint-gateway-reviewinfo-part,,,BT-509-Organization-TouchPoint
deadline-time-lot,BT-13(t)-Lot,,BT-13(t)-Lot
framework-estimated-value,BT-660-LotResult,,BT-660-LotResult
TD,,,
registration-place-postcode,OPP-111-Business,,OPP-111-Business
touchpoint-street-environ-legis-part,,,"BT-510(a)-Organization-TouchPoint, BT-510(b)-Organization-TouchPoint, BT-510(c)-Organization-TouchPoint"
organisation-partname-revieworg-lot,,,BT-16-Organization-Company
organisation-tel-ted-esen,,,BT-503-Organization-Company
selection-criteria-source,BT-821-Lot,,BT-821-Lot
touchpoint-tel-reviewinfo-lot,,,BT-503-Organization-TouchPoint
touchpoint-internet-address-addinfo-part,,,BT-505-Organization-TouchPoint
organisation-tel-signatory,,,BT-503-Organization-Company
organisation-post-code-tender-receip-part,,,BT-512-Organization-Company
organisation-street-tender-eval-part,,,"BT-510(a)-Organization-Company, BT-510(b)-Organization-Company, BT-510(c)-Organization-Company"
multiple-tender-lot,BT-769-Lot,,BT-769-Lot
organisation-country-tender-eval-lot,,,BT-514-Organization-Company
winner-selection-status,BT-142-LotResult,,BT-142-LotResult
touchpoint-street-employ-legis-lot,,,"BT-510(a)-Organization-TouchPoint, BT-510(b)-Organization-TouchPoint, BT-510(c)-Organization-TouchPoint"
security-clearence-deadline-lot,BT-78-Lot,,BT-78-Lot
tool-name-lot,BT-632-Lot,,BT-632-Lot
touchpoint-contact-point-signatory,,,BT-502-Organization-TouchPoint
touchpoint-name-subcontractor,,,BT-500-Organization-TouchPoint
organisation-internet-address-tenderer,,,BT-505-Organization-Company
eed-applicable-lot,BT-810-Lot,,BT-810-Lot
touchpoint-name-addinfo-part,,,BT-500-Organization-TouchPoint
touchpoint-gateway-mediator-part,,,BT-509-Organization-TouchPoint
organisation-contact-point-revieworg-lot,,,BT-502-Organization-Company
organisation-identifier-buyer,,,BT-501-Organization-Company
touchpoint-fax-employ-legis-part,,,BT-739-Organization-TouchPoint
organisation-fax-revieworg-lot,,,BT-739-Organization-Company
organisation-contact-point-environ-legis-part,,,BT-502-Organization-Company
organisation-tel-environ-legis-part,,,BT-503-Organization-Company
exclusion-grounds-source-proc,BT-806-Procedure,,BT-806-Procedure
winner-touchpoint-city,,,BT-513-Organization-TouchPoint[OPT-300-Tenderer[OPT-210-Tenderer[OPT-310-Tender[OPT-321-Tender=OPT-320-LotResult[BT-142-LotResult='selec-w']]]]]
organisation-post-code-mediator-lot,,,BT-512-Organization-Company
touchpoint-post-code-revieworg-part,,,BT-512-Organization-TouchPoint
eed-list-item-res,BT-811(b)-LotResult,,BT-811(b)-LotResult
review-irregularity-type,BT-791-Review,,BT-791-Review
buyer-review-compainants-val,BT-712(b)-LotResult,,BT-712(b)-LotResult
touchpoint-gateway-signatory,,,BT-509-Organization-TouchPoint
organisation-country-sub-signatory,,,BT-507-Organization-Company
organisation-city-addinfo-lot,,,BT-513-Organization-Company
contract-conclusion-date,BT-145-Contract,,BT-145-Contract
touchpoint-name-docprovider-part,,,BT-500-Organization-TouchPoint
organisation-post-code-tenderer,,,BT-512-Organization-Company
contract-duration-start-date-part,BT-536-Part,,BT-536-Part
tool-atypical-url-lot,BT-124-Lot,,BT-124-Lot
touchpoint-post-code-ted-esen,,,BT-512-Organization-TouchPoint
organisation-street-docprovider-part,,,"BT-510(a)-Organization-Company, BT-510(b)-Organization-Company, BT-510(c)-Organization-Company"
winner-country,,,BT-514-Organization-Company[OPT-300-Tenderer[OPT-210-Tenderer[OPT-310-Tender[OPT-321-Tender=OPT-320-LotResult[BT-142-LotResult='selec-w']]]]]
organisation-identifier-signatory,,,BT-501-Organization-Company
organisation-contact-point-mediator-part,,,BT-502-Organization-Company
touchpoint-country-sub-reviewinfo-part,,,BT-507-Organization-TouchPoint
organisation-fax-employ-legis-lot,,,BT-739-Organization-Company
energy-efficiency-quantity-res,BT-815-LotResult,,BT-815-LotResult
touchpoint-country-sub-financing,,,BT-507-Organization-TouchPoint
organisation-person-mediator-lot,,,BT-633-Organization
touchpoint-email-buyer,,,BT-506-Organization-TouchPoint
identifier-glo,BT-330-Procedure,,BT-330-Procedure
winner-touchpoint-gateway,,,BT-509-Organization-TouchPoint[OPT-300-Tenderer[OPT-210-Tenderer[OPT-310-Tender[OPT-321-Tender=OPT-320-LotResult[BT-142-LotResult='selec-w']]]]]
gpa-part,BT-115-Part,,BT-115-Part
touchpoint-contact-point-revieworg-lot,,,BT-502-Organization-TouchPoint
touchpoint-city-environ-legis-lot,,,BT-513-Organization-TouchPoint
lots-all-required-proc,BT-763-Procedure,,BT-763-Procedure
group-framework-value-cur-notice,,,BT-156-NoticeResult
eed-list-basis-res,BT-811(a)-LotResult,,BT-811(a)-LotResult
touchpoint-city-fiscal-legis-part,,,BT-513-Organization-TouchPoint
touchpoint-fax-docprovider-part,,,BT-739-Organization-TouchPoint
dispatch-date,DS,BT-05(a)-notice,BT-05(a)-notice
deadline-receipt-tender-time-lot,BT-131(t)-Lot,,BT-131(t)-Lot
additional-classification-proc,BT-263-Procedure,,BT-263-Procedure
touchpoint-tel-environ-legis-part,,,BT-503-Organization-TouchPoint
touchpoint-country-revieworg-part,,,BT-514-Organization-TouchPoint
buyer-touchpoint-city,,,BT-513-Organization-TouchPoint[OPT-200-Organization-Company = OPT-300-Procedure-Buyer]
organisation-street-employ-legis-part,,,"BT-510(a)-Organization-Company, BT-510(b)-Organization-Company, BT-510(c)-Organization-Company"
award-criterion-number-threshold-glo,BT-5423-LotsGroup,,BT-5423-LotsGroup
procedure-features,BT-88-Procedure,,BT-88-Procedure
organisation-partname-tenderer,,,BT-16-Organization-Company
title-proc,BT-21-Procedure,,BT-21-Procedure
business-country,,,BT-514-Business
touchpoint-city-financing,,,BT-513-Organization-TouchPoint
touchpoint-country-sub-ted-esen,,,BT-507-Organization-TouchPoint
touchpoint-gateway-serv-prov,,,BT-509-Organization-TouchPoint
tender-lot-identifier,BT-13714-Tender,,BT-13714-Tender
touchpoint-city-mediator-lot,,,BT-513-Organization-TouchPoint
organisation-person-docprovider-part,,,BT-633-Organization
touchpoint-internet-address-fiscal-legis-part,,,BT-505-Organization-TouchPoint
notice-identifier,BT-701-notice,,BT-701-notice
touchpoint-fax-tender-eval-part,,,BT-739-Organization-TouchPoint
touchpoint-city-subcontractor,,,BT-513-Organization-TouchPoint
touchpoint-tel-buyer,,,BT-503-Organization-TouchPoint
maximum-candidates-lot,BT-51-Lot,,BT-51-Lot
organisation-email-serv-prov,,,BT-506-Organization-Company
number-tender-applications-ipi-measure-res,BT-686-LotResult,,BT-686-LotResult
electronic-invoicing-lot,BT-743-Lot,,BT-743-Lot
organisation-tel-environ-legis-lot,,,BT-503-Organization-Company
eu-fund-lot,BT-60-Lot,,BT-60-Lot
cross-border-law-description-proc,BT-09(b)-Procedure,,BT-09(b)-Procedure
tender-value-lowest,BT-710-LotResult,TVL,BT-710-LotResult
touchpoint-partname-reviewinfo-lot,,,BT-16-Organization-TouchPoint
organisation-name-financing,,,BT-500-Organization-Company
organisation-internet-address-tender-eval-lot,,,BT-505-Organization-Company
organisation-fax-reviewinfo-part,,,BT-739-Organization-Company
organisation-internet-address-docprovider-lot,,,BT-505-Organization-Company
touchpoint-street-reviewinfo-lot,,,"BT-510(a)-Organization-TouchPoint, BT-510(b)-Organization-TouchPoint, BT-510(c)-Organization-TouchPoint"
